score_id,session_id,anon_name,anon_phone,anon_email,score,score_created_at,session_anon_phone,session_created_at,survey_id,rating,recommend,sources,other_source,survey_created_at,feedback_id,experience,suggestion,languages,language_other,feedback_created_at,is_customer_record
bedbe58c-0ce2-452d-9f98-22cfef7a256f,732b53da-308f-4394-a3ba-088a1fb23132,Dav*****,0372ca6b947fa8d52975f0c9ec529178,d78ce316281eb58d1bc6349a3a89bd16,538,2025-07-05 01:45:02.430512+00,0372ca6b947fa8d52975f0c9ec529178,2025-07-05 01:44:43.210995+00,a54e8514-8454-42e5-beaf-2fffdbfb0809,5,5,"[""walked by""]",,2025-07-05 01:45:14.502833+00,f6239ca3-8d79-460f-b60d-9b5159f2da48,5,,"[""English""]",,2025-07-05 01:45:52.270304+00,TRUE
0525b3aa-fd1f-4a36-a138-49aa14166f17,be7f4c28-4df8-4002-bee8-155db12e1df6,Set*****,d0ebc87a46ed8db2aafec07939818292,590743534c2feffde4f026c3e19e5574,117,2025-07-07 15:12:57.039814+00,d0ebc87a46ed8db2aafec07939818292,2025-07-07 15:12:41.718585+00,210fa54b-319b-420d-b285-1992a413ea4d,5,5,"[""walked by""]",,2025-07-07 15:13:07.415905+00,,,,,,,TRUE
186bca83-4d76-42a0-9eac-f69860aaa481,35e0ff69-5d72-4c8f-8c00-5851b364fd52,Tie*****,5f5e79e4d54cc407197411f2c1eeb355,91e3c183f77c68f5972f52790fd4522c,460,2025-07-08 18:34:03.596193+00,5f5e79e4d54cc407197411f2c1eeb355,2025-07-08 18:33:48.551352+00,44e4c2d0-f90f-4afd-b45b-5e79868d8fbb,5,5,"[""walked by""]",,2025-07-08 18:34:17.241538+00,a8f550aa-da51-457b-afa7-74378c0642f8,1,,"[""English""]",,2025-07-08 18:34:43.520889+00,TRUE
e978269c-d34e-40c9-be5c-90cf0807977c,aa7d8c6e-d09c-405c-bfa2-369e2dac1ced,Tie*****,5f5e79e4d54cc407197411f2c1eeb355,91e3c183f77c68f5972f52790fd4522c,507,2025-07-08 18:35:00.601574+00,5f5e79e4d54cc407197411f2c1eeb355,2025-07-08 18:34:46.122262+00,22befdd2-85ce-40d5-beed-dd305e5502e1,5,5,"[""walked by""]",,2025-07-08 18:35:06.225276+00,,,,,,,TRUE
9c5e127a-5769-4acc-8018-eb36fa8d929a,5e33cbc3-0527-41ef-ab84-353b34c04df7,Ler*****,bb4cf66a7fd664ccbe376ec9b1868473,bcbb582c081ea159c652cee1a39210bf,716,2025-07-08 18:35:09.013558+00,bb4cf66a7fd664ccbe376ec9b1868473,2025-07-08 18:34:52.351486+00,d53a0700-8923-41a1-bde8-86eb511a1ecd,5,5,"[""walked by""]",,2025-07-08 18:35:22.91115+00,,,,,,,TRUE
137c1d06-7425-46cd-b882-19c2d9b28d03,d263eca9-4ad3-4fb2-aec4-320ad8cab9b9,Fis*****,b83f88a0dce9ee0713b870b79ad9e035,47ec119587fe6569c2633ba5ad6d17b4,794,2025-07-12 18:10:19.224358+00,b83f88a0dce9ee0713b870b79ad9e035,2025-07-12 18:10:03.161853+00,9801973a-7788-48b2-bc44-986fd95cc013,5,5,"[""walked by""]",,2025-07-12 18:10:23.926446+00,,,,,,,TRUE
cd5e727f-81c4-4954-ace8-10d2d9646248,3efa041e-53a3-4ca3-93cb-5424a1bf0e02,Ema*****,5c05c676e70b8332d04fb86d7abad937,a25ade0718435e96906bc3f9afea7a27,152,2025-07-14 00:20:38.884428+00,5c05c676e70b8332d04fb86d7abad937,2025-07-14 00:20:24.156824+00,e9b4fa80-8fd8-4097-accb-92f7e98d049f,5,5,"[""social media"",""word of mouth""]",,2025-07-14 00:20:44.882955+00,d9a49a0d-7324-43aa-8e5d-318e8eade89b,5,,"[""English""]",,2025-07-14 00:39:54.061788+00,TRUE
8a0c4904-1cdd-4a8f-8c47-0985ecbf29ef,8d88e745-c04e-491c-9099-cc4e2822c8bb,Vik*****,8feeb9812e7f79c3ba3578d673a2bb3a,ab3133bdb5bc6cbb19c0efac9cbbc7fc,158,2025-07-17 06:33:01.52768+00,8feeb9812e7f79c3ba3578d673a2bb3a,2025-07-17 06:32:45.997983+00,de16a12f-c69a-40b7-ae86-d2a7aa18c5fb,5,5,"[""walked by""]",,2025-07-17 06:33:12.250653+00,,,,,,,TRUE
c343317b-8eca-4ff8-945d-391d2864afee,d4fc8b1d-f9da-48e9-8592-4b3a786e137a,Jan*****,4e79a83d8495baa299d42b9aecf8a45f,efc2fbbec322dbd8ad562fe35eda8549,741,2025-07-18 01:22:54.934583+00,4e79a83d8495baa299d42b9aecf8a45f,2025-07-18 01:22:40.371004+00,fb8f8c20-c70f-49c1-bfc5-ccf2d2e638fd,5,5,"[""walked by""]",,2025-07-18 01:23:02.37755+00,4ac4abe3-bca2-43f6-9c30-a9115749d559,5,,"[""Thai""]",,2025-07-18 01:23:10.856482+00,TRUE
942026f8-978f-4eb0-96d6-62a664d90a58,bc652b9f-9107-4221-8c88-c3c98c1414b7,Jan*****,4e79a83d8495baa299d42b9aecf8a45f,efc2fbbec322dbd8ad562fe35eda8549,754,2025-07-18 01:23:30.060385+00,4e79a83d8495baa299d42b9aecf8a45f,2025-07-18 01:23:12.875138+00,56ed9d42-736e-4a80-a1ec-7b4be3587d9d,5,5,"[""walked by""]",,2025-07-18 01:23:32.960412+00,1ee1f401-9264-4e1f-8b79-27bcb4acf9e5,5,,"[""Thai""]",,2025-07-18 01:23:45.151189+00,TRUE
57bada76-40c0-4386-913d-8d157d5e615d,c7d4771f-e6cf-4868-b35e-4979f87ee9eb,Jan*****,4e79a83d8495baa299d42b9aecf8a45f,efc2fbbec322dbd8ad562fe35eda8549,755,2025-07-18 01:24:03.615624+00,4e79a83d8495baa299d42b9aecf8a45f,2025-07-18 01:23:46.123338+00,f9b3ce62-4ddf-4062-9114-995b1e49ea4b,5,5,"[""walked by""]",,2025-07-18 01:24:06.91705+00,0710d0c2-688a-4e8d-b691-36325f84d111,5,,"[""Thai""]",,2025-07-18 01:24:13.723675+00,TRUE
607f93ba-0c7d-4dd5-9dbf-7a3b8e612690,a25ad458-e1e8-45ec-bc0f-4780d4be9ed7,Jan*****,4e79a83d8495baa299d42b9aecf8a45f,efc2fbbec322dbd8ad562fe35eda8549,925,2025-07-18 01:24:32.9262+00,4e79a83d8495baa299d42b9aecf8a45f,2025-07-18 01:24:17.256868+00,6d7bd186-38da-4694-8ede-aa6e3b8bdddc,5,5,"[""walked by""]",,2025-07-18 01:24:34.438986+00,70f08fd8-ea2d-41a3-8b29-ebc3e33bba70,5,,"[""Thai""]",,2025-07-18 01:24:46.466939+00,TRUE
e20d4046-5b95-4bef-80ac-c580a4ad1799,ec1a3c21-1d34-4b97-8770-eb2417a18650,Mik*****,558f33776c63188d4064edf8aad4a97e,54895f306fc34e6110d690d4b139f5ce,47,2025-07-20 02:37:22.340553+00,558f33776c63188d4064edf8aad4a97e,2025-07-20 02:37:07.893033+00,37871cb1-e509-4527-abec-eb1df982e195,5,5,"[""walked by""]",,2025-07-20 02:37:30.754181+00,,,,,,,TRUE
b8b026f5-8426-4b3a-ab1c-fe484ee11025,82300736-07e9-4783-98a3-74d1e0b63670,Jia*****,2fe418abfdeea13a5d7fe03387d36140,5bb9f04c7e0497236e38dfe850b95bb0,47,2025-06-23 17:19:45.753538+00,2fe418abfdeea13a5d7fe03387d36140,2025-06-23 17:19:45.753538+00,,,,,,,,,,,,,TRUE
7f643eb5-770e-4121-8dd3-20c3fdc748c1,69748094-fa0f-4059-b0dd-9e6bc91c19d8,Ta'*****,6b5ddf2e6a1a8b37c0d6a9d73fec5786,61069f7d7df10b9b9aeeb907ce581e49,107,2025-07-02 03:12:45.214905+00,6b5ddf2e6a1a8b37c0d6a9d73fec5786,2025-07-02 03:12:30.787919+00,d282f7ac-bbbc-4f78-915d-c1d122801c86,5,5,"[""google search""]",,2025-07-02 03:12:54.937204+00,,,,,,,TRUE
24a832c2-2265-4a79-95f2-0c69eef88b33,6daa38f0-1242-4349-b2ec-af59d149bfeb,Luc*****,e6f433d1901d8dffe81c0c0fa5b252b8,ab95d8d8ca1bbb8c3c14f0d15702800a,195,2025-07-04 02:32:34.314965+00,e6f433d1901d8dffe81c0c0fa5b252b8,2025-07-04 02:32:14.024907+00,1b35af42-794b-49f6-a3db-a6b717d1dac3,5,5,"[""social media""]",,2025-07-04 02:34:04.948672+00,,,,,,,TRUE
62324c23-e2d4-423a-b17f-419f85a1b3e5,23cff41f-152d-4726-bcba-1f90a9c4b0b7,Dav*****,0372ca6b947fa8d52975f0c9ec529178,d78ce316281eb58d1bc6349a3a89bd16,697,2025-07-05 01:46:17.640975+00,0372ca6b947fa8d52975f0c9ec529178,2025-07-05 01:45:59.456809+00,2b066795-96fe-4908-b863-44378e348379,5,5,"[""walked by""]",,2025-07-05 01:46:26.738668+00,,,,,,,TRUE
17c2ea0a-4fdf-43a3-83c6-21700053b5e6,1fb2ba97-575a-4ee9-b398-37bb7be7ddfa,Riv*****,313329ab1b39a0a705c0e23d81d738f1,ceb7935d84c43a289eb73dde1e648516,60,2025-07-07 17:01:53.380954+00,313329ab1b39a0a705c0e23d81d738f1,2025-07-07 17:01:38.241419+00,,,,,,,,,,,,,TRUE
c01cf5c5-06f3-4531-9489-cd5d31abbc40,81a883ef-1bbf-4593-8266-8170d5fe21b4,Riv*****,313329ab1b39a0a705c0e23d81d738f1,ceb7935d84c43a289eb73dde1e648516,61,2025-07-07 17:02:35.345162+00,313329ab1b39a0a705c0e23d81d738f1,2025-07-07 17:02:21.032828+00,1fd40d0d-3bcd-4b85-822c-dbab6a0e35a1,5,5,"[""word of mouth""]",,2025-07-07 17:02:41.25509+00,85df52a2-95f5-4f80-bed6-9ce005c055e5,3,The mobile site is not sized correctly ,"[""English""]",,2025-07-07 17:03:07.466941+00,TRUE
d648ffbf-af80-4c1d-9c1d-2c3712dd9d01,b91fd3d6-6d76-4007-80ee-22a5d081b3ab,Aki*****,6736e69a70a7d22fc717606704315286,1c515a04145e5f6afa88615b166ba358,87,2025-07-09 02:08:27.877585+00,6736e69a70a7d22fc717606704315286,2025-07-09 02:08:12.085469+00,989ab5df-3f13-4bbc-bd88-d919de76d742,4,5,"[""google search""]",,2025-07-09 02:08:42.346582+00,,,,,,,TRUE
0c106504-faf4-45d9-8088-bd02c6118e65,e736eafd-dfe3-4a70-852b-814d86c86ba6,Ell*****,7bb22414ad36271f815984856e87f60e,8e7d9ffb441261be28c76ce498efaa5f,37,2025-07-10 17:28:50.031125+00,7bb22414ad36271f815984856e87f60e,2025-07-10 17:28:35.334596+00,a2168e1b-c410-48e3-8b90-8a2ff497009d,5,5,"[""online reviews""]",We searched up the best ramen place in Chicago and all ramen and rice bowls from ramen San were very very good!,2025-07-10 17:29:39.21959+00,,,,,,,TRUE
7ddd0045-e179-4e06-a99a-252c19bcc90c,67a4db22-fe60-483b-874b-f480ae403712,STE*****,992b5f2bad1e26c0b2f3e53362d44ffa,84014f1138200c2290c1bb81b739a924,66,2025-07-12 19:14:40.19458+00,992b5f2bad1e26c0b2f3e53362d44ffa,2025-07-12 19:14:24.163682+00,e8727a54-2ad0-45c3-b415-94163ab72eeb,5,5,"[""walked by""]",,2025-07-12 19:14:50.804921+00,,,,,,,TRUE
5ddda579-64c4-4203-8665-6909c09a1600,e0263e8d-4781-4bec-a371-dfe3908c8176,Tes*****,593c9b4a9390551d53e5cacf28ebd638,44b987a9c6f15a775450a94f68ae7e7f,102,2025-07-14 00:32:11.865193+00,593c9b4a9390551d53e5cacf28ebd638,2025-07-14 00:31:57.4873+00,7f3da746-4c24-47cc-8d8a-6b6ab3854d6b,5,5,"[""google search""]",,2025-07-14 00:32:16.582124+00,,,,,,,TRUE
bd3a84cd-d4d1-4f82-acdf-442b29bf0f4a,e42356d5-8a00-46bf-87aa-f0eaf695d06c,Cie*****,8f9b308b482d2eeefb40268b452ce2ea,480ab2719ac267d41386d2f0ec10a224,70,2025-07-14 22:55:41.234457+00,8f9b308b482d2eeefb40268b452ce2ea,2025-07-14 22:55:16.163075+00,c01203dc-317d-4a0e-82dd-7fdd127dd2c8,5,5,"[""walked by""]",,2025-07-14 22:55:51.163706+00,a7e46145-3c67-4cf8-97bb-a4205b70c824,4,,"[""English""]",,2025-07-14 22:56:41.688401+00,TRUE
4c8b6d82-1b5e-4c34-9f2f-becb873a4a3e,01c9ef8a-0832-4565-81ea-ea1d9e9b480e,Gar*****,d9f48297a701cbeca3fba9cc65c673e0,bcd5018faca9745798ae05717df23e65,113,2025-07-14 22:56:25.2701+00,d9f48297a701cbeca3fba9cc65c673e0,2025-07-14 22:56:10.262571+00,d1880b11-bd6c-4e95-9933-0e3dcdc85bb5,4,4,"[""walked by""]",,2025-07-14 22:56:49.395457+00,,,,,,,TRUE
2b0ba54f-0d29-4553-9529-d486325c7880,1563bb1d-de58-4145-b726-e64ef360c528,Cie*****,8f9b308b482d2eeefb40268b452ce2ea,480ab2719ac267d41386d2f0ec10a224,393,2025-07-14 22:57:05.906038+00,8f9b308b482d2eeefb40268b452ce2ea,2025-07-14 22:56:48.150496+00,27119a6b-c325-41d2-a597-47caaefeb815,5,5,"[""walked by""]",,2025-07-14 22:57:09.425102+00,,,,,,,TRUE
cfe86903-159f-4146-acb0-8c75cd39d12f,9bc60777-6edf-497e-bf83-fac43180f618,Ken*****,9436c30ff5d39481396ca14ce242d026,5f4a76c8d9f2b82cba242c33878b8f93,550,2025-07-17 20:46:02.06306+00,9436c30ff5d39481396ca14ce242d026,2025-07-17 20:45:44.861501+00,fa39313e-f9c7-4f80-be67-3e99aa775e03,5,5,"[""google search""]",,2025-07-17 20:46:25.477718+00,7b5a2307-c8c3-4de8-8dd1-78d4a8992e12,5,,"[""English"",""Japanese""]",,2025-07-17 20:46:48.16899+00,TRUE
2ab36af8-46bf-4de3-ba88-d3ce6fda4716,3983b39e-c1e2-4f24-9847-67992b6cb6ff,Ken*****,9436c30ff5d39481396ca14ce242d026,5f4a76c8d9f2b82cba242c33878b8f93,1062,2025-07-17 20:47:06.555775+00,9436c30ff5d39481396ca14ce242d026,2025-07-17 20:46:52.129389+00,939d81b8-2bc5-44d3-a9c0-a6cf10e78ae1,5,5,"[""google search""]",,2025-07-17 20:47:09.215252+00,,,,,,,TRUE
bd80fdd1-e991-4aa6-ac43-580dc7c07b53,5418c7c3-e5b7-479d-ba25-c346f3c996ad,cla*****,b15f592d51269de84078b7518f74d40a,b27c606c1864cc0f6f87e2af06fe7063,246,2025-07-18 23:16:57.791326+00,b15f592d51269de84078b7518f74d40a,2025-07-18 23:16:38.696941+00,05dcedb8-9209-4cd1-a572-dce70a69f9e4,5,5,"[""google search""]",,2025-07-18 23:17:05.832581+00,,,,,,,TRUE
cf9081f9-0fb8-4958-bcb0-047e71bf877c,78a6717f-76a6-4386-902b-15234509fa34,Bro*****,55f5b0ccb487f29dcf35e6d2a4d9eef1,58567fc09a7f9502cf733095ece2acd4,405,2025-07-20 04:51:42.915308+00,55f5b0ccb487f29dcf35e6d2a4d9eef1,2025-07-20 04:51:28.477741+00,68ad4ea4-f6f4-43a0-adcf-9a6d077cbc3e,5,5,"[""google search""]",,2025-07-20 04:52:02.426911+00,,,,,,,TRUE
6b69a1f3-2939-4249-a4b2-9451c93f4be8,37c88e5c-7fc7-41fa-810c-e0b414f9e546,Api*****,bf4bfc2260d5c18d6ef8653572f604ae,d8cee9db8d47701e4dc18162cc9d7ad7,649,2025-06-27 17:33:37.951156+00,bf4bfc2260d5c18d6ef8653572f604ae,2025-06-27 17:33:37.951156+00,70fd3b0e-a0d8-4a7b-aba6-ff0cbe5d79bc,5,5,"[""walked by""]",,2025-06-27 17:33:44.967152+00,,,,,,,TRUE
1e219799-c49f-45a2-9790-898ba1833ba3,e542e32e-f8d6-4959-9b7d-3f3b3dee16ca,Dan*****,1c96305c45f73dbf464fd6b18c8a008a,dc97c56bb68f8f5d0d4292a65b7ba81d,131,2025-06-23 20:01:34.223481+00,1c96305c45f73dbf464fd6b18c8a008a,2025-06-23 20:01:34.223481+00,2b68bceb-9812-4b4d-9081-2eb49585a514,4,4,"[""walked by""]",,2025-06-23 20:01:42.6457+00,,,,,,,TRUE
13f8cd9b-28b5-42f2-92e4-581b6871fef8,6dcf7061-3ae5-40d6-8f81-fdcecae5ea3b,Dar*****,d69b9f5b048b9565acbf269f5d32cbe2,634b6e91805d8628043910b56b493797,417,2025-07-02 04:19:40.455167+00,d69b9f5b048b9565acbf269f5d32cbe2,2025-07-02 04:19:20.34559+00,ef525cb0-2e45-4332-b860-732eb82da0dc,5,5,"[""walked by""]",,2025-07-02 04:19:48.943326+00,,,,,,,TRUE
ecf871fe-8530-4d49-9866-fd265d8259dd,0d111855-74a4-4a79-8b7a-e6cbe3c68232,Ant*****,3bd58f20f6f71452b50762999ef8d8de,2412c2bab4072a2187f54c4d87239274,650,2025-07-04 03:23:33.34002+00,3bd58f20f6f71452b50762999ef8d8de,2025-07-04 03:23:14.100228+00,38863871-34de-4d82-af2d-25cf2ab6170c,5,5,"[""walked by""]",,2025-07-04 03:23:49.907829+00,,,,,,,TRUE
e2b0780b-7a12-4978-9f8e-51103e741601,4d85a283-9a16-4cc8-a0f9-c7d6cc657351,Dav*****,6d5c543d37c334f494dbd2e5dca39bb7,20bb8da8dc707e2ac41c5448999c3e2d,345,2025-07-07 00:20:50.844644+00,6d5c543d37c334f494dbd2e5dca39bb7,2025-07-07 00:20:33.932834+00,9a1d91a3-91ea-4ec6-8fe2-7e85ab1b993d,5,5,"[""walked by"",""word of mouth""]",,2025-07-07 00:21:00.887213+00,,,,,,,TRUE
c49e14ad-8c35-4b81-99eb-4ea8909a216e,cac09f66-dbd9-46da-af2e-6e9fff3e933c,Liz*****,b7b8d05d1737bf9c81383e339890d6f5,88513d677876405eee5c4563e11725fb,478,2025-07-09 04:10:14.997555+00,b7b8d05d1737bf9c81383e339890d6f5,2025-07-09 04:09:55.163806+00,ebdca970-2769-48fc-a6af-cd0cd9793fbf,5,5,"[""walked by""]",,2025-07-09 04:10:24.711462+00,,,,,,,TRUE
b17194ed-200e-46d8-9be2-8630a002ec6c,bd160a9a-a49a-4597-8966-0c0b0be3d9fb,Vic*****,a4ff23605b60218f99d35e4b885d50b4,b4e0e8497d61472fefe63629d6cf1490,6,2025-07-10 21:49:59.846022+00,a4ff23605b60218f99d35e4b885d50b4,2025-07-10 21:49:44.808077+00,,,,,,,,,,,,,TRUE
9f7c9297-5f1a-49b1-9484-fcbd5ce81fcb,2e16bcaf-f4ae-4022-b9a3-2b443f181d22,STE*****,992b5f2bad1e26c0b2f3e53362d44ffa,84014f1138200c2290c1bb81b739a924,155,2025-07-12 19:16:02.217099+00,992b5f2bad1e26c0b2f3e53362d44ffa,2025-07-12 19:15:46.691031+00,ad74d385-db06-444e-8c9f-2ddb40c076dd,5,5,"[""walked by""]",,2025-07-12 19:16:08.627706+00,,,,,,,TRUE
d6c9a1d6-d0e8-46fc-96d7-d421f87394f3,148b0afc-0133-4e8c-a951-2f9774b6fd55,Rac*****,c981b32ca408efaf3d567898a0fe2f93,cb887d53db566b5aad38533cd2d53de9,143,2025-07-15 04:28:53.757438+00,c981b32ca408efaf3d567898a0fe2f93,2025-07-15 04:28:38.204896+00,cf7336bf-e2ac-4041-9d62-2738b307fb2f,5,5,"[""google search""]",,2025-07-15 04:29:08.783694+00,,,,,,,TRUE
890c87dc-13f3-455c-b886-97c3d51264a7,e6de2fbb-7aea-4459-9213-bc2e488c4d7f,Ros*****,f2e77102bbe9955c6820c23564478dd8,8b5b597db6c175172cccbabad006d554,56,2025-07-18 00:28:50.92317+00,f2e77102bbe9955c6820c23564478dd8,2025-07-18 00:28:35.437929+00,359b532d-4f46-47db-83b6-7d9fc930e9c3,5,4,"[""walked by""]",,2025-07-18 00:29:01.98769+00,b337cf79-aab0-4b4e-b262-35519a2a1b3f,4,,"[""Spanish""]",,2025-07-18 00:29:32.55031+00,TRUE
e125e40e-233d-4e22-aed1-1ead52e23410,e4bb0b18-97d1-4dde-8a65-8c2e9aea2958,sha*****,277e425823f3623fad621c318b301b88,7acffbf35071e861edca77f9a4cba6b5,615,2025-07-18 23:17:58.507087+00,277e425823f3623fad621c318b301b88,2025-07-18 23:17:43.504738+00,c5e4c269-69ae-4d0e-8d9d-71415aa61558,5,5,"[""walked by""]",,2025-07-18 23:18:10.326149+00,,,,,,,TRUE
cb91ca68-7696-4cc9-97f0-f3d2eb6823b9,9e96cc01-8239-457d-bc5c-2ae8f4367572,Lau*****,cbcd46912105a7fe4f3ad3f16ed35dbf,e2a770c86fb76fe59609094c13676773,115,2025-07-20 21:37:56.149526+00,cbcd46912105a7fe4f3ad3f16ed35dbf,2025-07-20 21:37:40.167387+00,fbda6bc8-1054-45d7-8c13-74a73831bc68,5,5,"[""walked by""]",,2025-07-20 21:38:06.092656+00,,,,,,,TRUE
4176db2d-ee87-4a40-b054-a33dc4f1e9fc,55aaa791-151d-4b73-993d-122c2f7d485b,Dar*****,d69b9f5b048b9565acbf269f5d32cbe2,634b6e91805d8628043910b56b493797,106,2025-07-02 04:20:59.326889+00,d69b9f5b048b9565acbf269f5d32cbe2,2025-07-02 04:20:38.351628+00,,,,,,,,,,,,,TRUE
5bedcb29-084e-4d3b-bb77-bd9461c3afd2,2ddccc7a-94f1-4d66-aa9d-940c129d2244,Ade*****,0e69dc733feca8a4ee302e9cccbc6de3,63269a476d9862ba8665f4542caf0ebe,73,2025-07-05 17:31:11.730561+00,0e69dc733feca8a4ee302e9cccbc6de3,2025-07-05 17:30:54.246298+00,1d22276c-d9ae-4e42-89f9-df08e1dca306,5,5,"[""google search""]",,2025-07-05 17:31:18.554743+00,6a114cb8-e457-4250-8f92-06edaae1f79b,5,N/a,"[""English"",""Spanish"",""Chinese""]",Indonesian,2025-07-05 17:31:40.908872+00,TRUE
b4ee7d51-fe45-4b9a-9241-e7c07df6a4ac,43bb05db-01c2-4204-abaf-9d8ef2564657,Ade*****,0e69dc733feca8a4ee302e9cccbc6de3,63269a476d9862ba8665f4542caf0ebe,162,2025-07-05 17:32:01.655727+00,0e69dc733feca8a4ee302e9cccbc6de3,2025-07-05 17:31:47.24194+00,d3d8d044-f786-4a2a-a106-f3dfee3bbbe5,5,5,"[""google search""]",,2025-07-05 17:32:04.160121+00,,,,,,,TRUE
24275529-b817-4f0d-8dfc-795f447faf3c,30c0a619-eb94-4346-a453-3deb18fe48f4,Ant*****,dfa078d70c3af51bc3b5406c9c79d07d,13eb44dd2d3880aaee193d1c23184ad3,741,2025-07-07 00:21:55.441235+00,dfa078d70c3af51bc3b5406c9c79d07d,2025-07-07 00:21:40.497475+00,f7a6ae90-b028-4328-98ff-f25b3bc6f03f,5,5,"[""walked by""]",,2025-07-07 00:22:35.49499+00,,,,,,,TRUE
b3a61546-e231-46b8-8bf8-b2172cd94f9c,42bda577-64b6-4f6e-8f73-147c8e3db0c3,Jos*****,1b6a91fd8fc68541da669abf8abfcc9a,5c56a9db3992d6dabfa0b6a4809cf522,787,2025-07-10 23:02:17.040701+00,1b6a91fd8fc68541da669abf8abfcc9a,2025-07-10 23:01:58.769053+00,6bc87841-f598-4f73-837d-fe2f436b148d,5,5,"[""walked by""]",,2025-07-10 23:02:30.898976+00,,,,,,,TRUE
7b48b53f-80b4-483f-abea-6c7bbf9e48c7,178f45d4-f226-40b3-a026-782504ab04db,Jus*****,ec8e33ed02713bb1efe9fa43dfb5f119,81b8fbfecaecac65b97e8d88de44b485,480,2025-07-12 22:53:34.545504+00,ec8e33ed02713bb1efe9fa43dfb5f119,2025-07-12 22:53:20.381593+00,f3b788e0-50a7-4479-8e89-f14ad5ce81d6,5,5,"[""walked by""]",,2025-07-12 22:53:41.611507+00,dc581ffc-7786-412b-868e-62ccd02337ee,5,,"[""English""]",,2025-07-12 22:53:58.957375+00,TRUE
9a87e1c0-fb7e-4862-b167-c59d87aa53ea,54f6ec78-8934-4fb4-8297-2fbe601652ad,JC *****,efec4a966894264cf3717a4d02d3efdc,d569f82c576a51af713c066cf64d99e9,506,2025-07-12 22:54:08.954074+00,efec4a966894264cf3717a4d02d3efdc,2025-07-12 22:53:54.692533+00,09cee2fe-28cc-468a-85b8-92d79a59fd23,5,5,"[""walked by""]",,2025-07-12 22:54:13.744437+00,,,,,,,TRUE
5049e572-9d24-4fd4-a76b-d173e01a990c,23a17860-1836-41a7-8668-7de15215cdf3,Jus*****,ec8e33ed02713bb1efe9fa43dfb5f119,81b8fbfecaecac65b97e8d88de44b485,919,2025-07-12 22:54:14.752234+00,ec8e33ed02713bb1efe9fa43dfb5f119,2025-07-12 22:54:01.177664+00,aea3a7b1-efbe-404c-8ad3-7d52a86fa5c8,5,5,"[""walked by""]",,2025-07-12 22:54:17.024101+00,,,,,,,TRUE
37893230-e52e-41de-a6f6-e0aa3ee434af,f8484555-7f5f-44b9-83d7-33782720269c,Edu*****,85ed0fd72ff9708df1c3807659d6be61,3dadcc65b96e44b2caca11a81332275e,411,2025-07-14 01:37:08.871447+00,85ed0fd72ff9708df1c3807659d6be61,2025-07-14 01:36:54.13024+00,22efd462-27ed-4926-88fd-e554d8ea5b7a,5,5,"[""word of mouth""]",,2025-07-14 01:37:16.939662+00,e59bd69b-12f8-4795-94fb-ce93b42d72c1,5,,"[""English"",""Spanish""]",,2025-07-14 01:37:36.759522+00,TRUE
57edc80d-2a3c-49c4-bcca-7e808858c8cd,36c81e68-caf1-4d2d-81b5-767d3c0e5ab0,Jai*****,7619c03a7cd7903809a0bf3c7bba3da9,ec39d7a2bca145b0e2cb43d29499201f,427,2025-07-15 19:57:17.270171+00,7619c03a7cd7903809a0bf3c7bba3da9,2025-07-15 19:56:57.776054+00,ec04977b-fdaf-452d-b487-24b324ff0c4f,3,3,"[""online reviews""]",,2025-07-15 19:57:25.283777+00,,,,,,,TRUE
a9300658-b210-47db-85ac-3abc9f5a02b6,39eb9533-0e3b-44fe-83a9-7ca7c967dcf5,Ros*****,f2e77102bbe9955c6820c23564478dd8,8b5b597db6c175172cccbabad006d554,131,2025-07-18 00:29:49.919096+00,f2e77102bbe9955c6820c23564478dd8,2025-07-18 00:29:35.394089+00,1843fd5d-0ed5-49e0-8b81-f4d8d34fc211,5,4,"[""walked by""]",,2025-07-18 00:29:51.991171+00,adca2432-c88e-4bb4-828a-8586421630a0,4,,"[""Spanish""]",,2025-07-18 00:30:01.233611+00,TRUE
0326d155-cef8-49a2-abdb-6c4dfc1f4833,7db9b6c2-3621-40cd-9f48-87d95a8e0ea5,Ros*****,f2e77102bbe9955c6820c23564478dd8,8b5b597db6c175172cccbabad006d554,221,2025-07-18 00:30:18.648621+00,f2e77102bbe9955c6820c23564478dd8,2025-07-18 00:30:04.232942+00,effd73a5-3175-468d-9a3a-871e3ef59a71,5,4,"[""walked by""]",,2025-07-18 00:30:22.09871+00,,,,,,,TRUE
8b7687f0-87eb-4aad-bc79-3b0fe87bc124,2dc05b02-977e-4c46-8d81-b15d65170a33,Tif*****,2bdcb5bbe60894f14a138bab920e71eb,e548bbaa22dd966d8224abc29488e7b2,1132,2025-07-18 23:21:48.202785+00,2bdcb5bbe60894f14a138bab920e71eb,2025-07-18 23:21:33.239097+00,6cc65f09-e4d7-4c30-97d1-1746c9ae2d55,5,5,"[""word of mouth""]",My boyfriend,2025-07-18 23:21:58.741615+00,717901f5-0182-4d4d-864a-1c8c212a0905,5,Amazing ,"[""English""]",,2025-07-18 23:22:16.275293+00,TRUE
2d49b265-fa0f-4f78-897b-a6f0175ee007,de1b9666-a808-4b35-89dd-d9fb4bcdf735,Tif*****,2bdcb5bbe60894f14a138bab920e71eb,b53557ab8b7dd89314e36eb162c0b402,980,2025-07-18 23:22:56.546209+00,2bdcb5bbe60894f14a138bab920e71eb,2025-07-18 23:22:30.151557+00,7881413f-8626-425a-bfd5-40986a81e61c,5,5,"[""word of mouth""]",My boyfriend,2025-07-18 23:23:28.810635+00,4bdb4801-7c51-4338-a246-2bd0826ce7e1,5,Amazing ,"[""English""]",,2025-07-18 23:25:10.886999+00,TRUE
0cde45a1-593c-4477-aaae-5cf5c9719c15,a6a8612e-62a8-49c6-860c-ba8b3a2ec460,LaM*****,0290d21482b5465db9db455ee3244758,8c3d80800d8edf082c2263b1b407623c,33,2025-07-20 23:53:05.36388+00,0290d21482b5465db9db455ee3244758,2025-07-20 23:52:50.078262+00,b855bcd2-4f4a-4f0e-a316-d7071a8f1b53,5,5,"[""google search""]",,2025-07-20 23:53:21.464591+00,b2effa8f-ab8d-4252-8a48-97732c76aed8,3,,"[""English""]",,2025-07-20 23:53:36.359391+00,TRUE
7c097535-b550-4c62-bec1-ce1f65a7463f,d5e1e814-9a11-4045-8b1c-92a3fd82a4f3,LaM*****,0290d21482b5465db9db455ee3244758,8c3d80800d8edf082c2263b1b407623c,32,2025-07-20 23:54:04.618192+00,0290d21482b5465db9db455ee3244758,2025-07-20 23:53:48.330328+00,,,,,,,,,,,,,TRUE
32a607df-8aed-4e78-b990-d91aacf58183,352b88b0-6b5e-4779-8ce8-b2a486b6a0ac,Kas*****,dd89e8bdd7bd2c855c13876eea01e830,10076bb05d2c5ef4de265b492f0088be,101,2025-07-03 04:58:39.060161+00,dd89e8bdd7bd2c855c13876eea01e830,2025-07-03 04:58:23.920919+00,,,,,,,,,,,,,TRUE
a1342f93-e7e5-46c9-83dc-4e51e40a643e,3d477164-c6f7-4278-ae3d-deee96b99fd4,Nei*****,fcdfe60d9aa406ad48927d18d8ef5576,10c1eacc8a21a86ee0c1d30987fcf91a,68,2025-07-04 17:41:00.824121+00,fcdfe60d9aa406ad48927d18d8ef5576,2025-07-04 17:40:44.217566+00,f69ffd07-d131-411a-952d-77a9300f42a5,5,5,"[""walked by""]",,2025-07-04 17:41:15.375882+00,,,,,,,TRUE
9df75a3a-5e8c-49ae-9966-aa6e7237abd5,5d5f1f3b-3fe8-4cca-b638-3475d6eae5ee,Olu*****,989ae7626458f0f909eab12336803e62,1f3fe06bd0e4e5be23fefddf6b1c6735,281,2025-07-05 21:04:42.303687+00,989ae7626458f0f909eab12336803e62,2025-07-05 21:04:26.800623+00,07ca7afe-93b5-4ba8-a629-cf3fe297d304,5,5,"[""walked by""]",,2025-07-05 21:04:54.596532+00,,,,,,,TRUE
826b5e3c-7f39-49b3-b6ef-4e69e00d636b,b93ddc22-c623-4098-94da-fc8590db8cae,Jen*****,a056ec806a3c17799b1cbe7097bc1182,60c6664c11d1719333bffd1c89593702,613,2025-07-07 00:22:47.957803+00,a056ec806a3c17799b1cbe7097bc1182,2025-07-07 00:22:29.057457+00,e2bdd6e7-008a-46ec-8f96-6ab7f5bfb606,5,5,"[""word of mouth""]",,2025-07-07 00:23:00.146867+00,,,,,,,TRUE
d2e8b058-0774-4519-b843-e6369622720f,194d291e-7ed4-4697-9990-f10725b2c4d5,Jay*****,ca9c69160f6fec226f598ce1ee4e7279,0c1a10f570b6d8186c501626c1b5c4b2,395,2025-07-11 02:22:46.552452+00,ca9c69160f6fec226f598ce1ee4e7279,2025-07-11 02:22:25.241737+00,4f923a20-459b-4552-8783-bca81f17a227,5,5,"[""social media"",""google search""]",,2025-07-11 02:22:58.035181+00,437ef714-ad9b-4321-a57a-4014765befe3,5,,"[""English""]",,2025-07-11 02:23:15.539522+00,TRUE
d3075a38-545d-465f-9117-a0d62add4c70,b703209b-0977-4e5a-88c3-d0e641257f6b,Jay*****,ca9c69160f6fec226f598ce1ee4e7279,0c1a10f570b6d8186c501626c1b5c4b2,396,2025-07-11 02:23:37.850374+00,ca9c69160f6fec226f598ce1ee4e7279,2025-07-11 02:23:22.516538+00,686809c2-8f71-4b4f-9507-842db52769fe,5,5,"[""social media"",""google search""]",,2025-07-11 02:23:44.126117+00,d1cc489a-b63a-4f44-b6bc-ab189a949f18,5,,"[""English""]",,2025-07-11 02:23:58.632676+00,TRUE
011886f5-20be-450d-b271-18b3c68c41be,346d907d-c561-422c-848b-d56759e1a631,Jay*****,ca9c69160f6fec226f598ce1ee4e7279,0c1a10f570b6d8186c501626c1b5c4b2,480,2025-07-11 02:24:18.400036+00,ca9c69160f6fec226f598ce1ee4e7279,2025-07-11 02:24:04.193259+00,5fc0f53a-fbce-4c01-8c76-adb6460364aa,5,5,"[""social media"",""google search""]",,2025-07-11 02:24:18.856016+00,,,,,,,TRUE
33a11ebe-3b03-4e73-848e-2b9339cced09,28f0e6b3-d1ec-445a-9c5f-dd9efc85ee24,Chu*****,20fcdc41891038edbfb925f7dde5f5cf,2a1b7f11d598ac53661eebea217e4857,16,2025-07-13 06:11:26.9246+00,20fcdc41891038edbfb925f7dde5f5cf,2025-07-13 06:11:08.921902+00,,,,,,,,,,,,,TRUE
0b298288-0e12-4d25-aa31-0b90c22d6ee9,e8361aca-c603-494d-90f3-9ebf046d1374,Gus*****,614cb98dfa00b8f2dd9cf7c1a1efa44b,4a6d7c1e665729b785021b062e6da81a,111,2025-07-14 06:36:47.673561+00,614cb98dfa00b8f2dd9cf7c1a1efa44b,2025-07-14 06:36:15.423272+00,a488f1c0-f36a-4e0c-b248-b4d3b4d39296,5,5,"[""google search""]",,2025-07-14 06:47:43.830657+00,,,,,,,TRUE
d3361af1-e63c-469a-878c-59703917d308,60413ecb-6665-4e48-924d-3cc062ff318a,Ric*****,a18575c46907cae32a638237880912d0,4df4234a0d66910669ac0565e722169e,90,2025-07-15 22:47:04.894685+00,a18575c46907cae32a638237880912d0,2025-07-15 22:46:47.981994+00,126707cd-2c84-4582-b55a-aba87be9b07e,5,5,"[""online reviews"",""word of mouth""]",,2025-07-15 22:47:26.159699+00,,,,,,,TRUE
edbe3e48-e17a-46b2-b8b9-e7e0b33d6f79,e4a67eba-b1d7-4556-8d58-da9f6167747b,Shi*****,6221e2116531ce83377d0e12d9cfd1bd,a2f3857fb9972362fe9acee9e73d85c1,21,2025-07-18 01:19:09.198494+00,6221e2116531ce83377d0e12d9cfd1bd,2025-07-18 01:18:54.736243+00,d90f211a-e60a-4d1b-a487-1ed573c0ab97,3,3,"[""word of mouth""]",,2025-07-18 01:19:17.275416+00,,,,,,,TRUE
6ffec355-a25f-485d-bc6a-cfad61bf0543,6eb13d03-099c-4e5f-9986-c8f17f9c3669,Jes*****,f85fec0d66b62866ed43cac000cc63e3,ad20f0e97f7bb37f28ca83144341a385,150,2025-07-19 05:20:26.201861+00,f85fec0d66b62866ed43cac000cc63e3,2025-07-19 05:20:11.728057+00,581d8a58-6981-4078-bc10-50146c4a9785,4,4,"[""online reviews""]",,2025-07-19 05:20:41.449089+00,,,,,,,TRUE
1ee6d887-4a76-4b49-b464-bcc4ba002f8c,624a8044-1d1a-403d-a70e-9c29df22d701,Ter*****,30c517ca6b519b6b1c509eceab7c56eb,884ebe486600ebcfad96fe50ebcc9ef8,27,2025-07-21 17:15:34.128767+00,30c517ca6b519b6b1c509eceab7c56eb,2025-07-21 17:15:19.573934+00,,,,,,,,,,,,,TRUE
baa6f6b0-e63f-4ecf-8af5-6788620817c4,c2c91ef2-415f-4056-beef-6bfe493ed02c,Aks*****,ce8b9111072f424e155dbcb5dbf67702,a5ea8d5f0b2d96ba108cbcd929f47da8,251,2025-06-25 23:01:35.222217+00,ce8b9111072f424e155dbcb5dbf67702,2025-06-25 23:01:35.222217+00,b312c550-7b12-43cc-92da-6d211b7c45bc,5,5,"[""walked by""]",,2025-06-25 23:01:44.368564+00,,,,,,,TRUE
c546e240-495d-4e72-bad2-c160c76944b8,647b8013-c452-48c0-a313-29481e0fa5ab,Mam*****,1c96305c45f73dbf464fd6b18c8a008a,dd8614710ec841e935d0a95fdd6c990f,124,2025-06-23 20:41:14.60023+00,1c96305c45f73dbf464fd6b18c8a008a,2025-06-23 20:41:14.60023+00,,,,,,,,,,,,,TRUE
43c72e1a-c053-463d-a677-4d8b4115b68e,7528491b-5b49-4097-b787-77a03eec011c,Nat*****,99d4b4efbe8a5fa1e5b9072cd3ce25ff,9190ac93e57d12f76b371ae59ecf4bca,58,2025-07-03 21:18:26.039707+00,99d4b4efbe8a5fa1e5b9072cd3ce25ff,2025-07-03 21:18:09.092359+00,d6100121-dd17-4b9b-aa94-061ee7f46513,3,4,"[""walked by""]",,2025-07-03 21:18:48.118442+00,ea2bcab7-7bd2-4a1e-868a-614dda5637e2,4,,"[""English""]",,2025-07-03 21:19:16.10161+00,TRUE
ba73f51d-5706-4edc-a88a-c9e369ecb8e0,48a74dd4-d870-49f9-b2d5-d6408498c5b5,Ale*****,6969946f5ec39c3fa300b26b4b549092,865c46477077d8d58fb0fcbb1420b6c7,2543,2025-07-03 21:19:13.505083+00,6969946f5ec39c3fa300b26b4b549092,2025-07-03 21:18:38.916568+00,37028bfa-e1a7-4962-b8cf-464d6f9ecb75,5,5,"[""word of mouth""]",My sister,2025-07-03 21:19:47.103175+00,,,,,,,TRUE
934aa3fc-6054-48ee-a5c8-51c2504bf844,ded08018-18ea-407f-a315-cc8fa481866f,Fei*****,24c824a27853ddaa489c35107fcde51b,3d2ac641e127ce14f6c0a43e2de5dce9,404,2025-06-24 04:49:46.255746+00,24c824a27853ddaa489c35107fcde51b,2025-06-24 04:49:46.255746+00,,,,,,,,,,,,,TRUE
54c2e930-15e6-4210-a549-b49d3c676909,af3c3366-a7d0-489f-a917-3386422086b2,Lov*****,adbc91a43e988a3b5b745b8529a90b61,1afb445d8597c545297cb8f6089d56d8,840,2025-06-30 23:37:46.69877+00,adbc91a43e988a3b5b745b8529a90b61,2025-06-30 23:37:46.69877+00,8d60250a-4180-48b6-8813-173385f54cb0,5,5,"[""social media"",""google search"",""walked by"",""online reviews"",""word of mouth""]",,2025-06-30 23:39:15.639429+00,510467ac-5d29-463d-9047-85bcec960ddf,4,,"[""Spanish"",""Chinese""]",,2025-06-30 23:38:28.46307+00,TRUE
c2681710-6217-4b2f-82a0-a7d73d40d24f,af3c3366-a7d0-489f-a917-3386422086b2,Lov*****,adbc91a43e988a3b5b745b8529a90b61,1afb445d8597c545297cb8f6089d56d8,829,2025-06-30 23:39:11.691847+00,adbc91a43e988a3b5b745b8529a90b61,2025-06-30 23:37:46.69877+00,8d60250a-4180-48b6-8813-173385f54cb0,5,5,"[""social media"",""google search"",""walked by"",""online reviews"",""word of mouth""]",,2025-06-30 23:39:15.639429+00,510467ac-5d29-463d-9047-85bcec960ddf,4,,"[""Spanish"",""Chinese""]",,2025-06-30 23:38:28.46307+00,TRUE
3f98e87d-d505-410e-b870-8f4c44998a10,78476f75-ddd3-456d-b404-61da327328d0,AB******,754d4f4ae261084d9133beb62dfc93bc,85b7ad0732380575bac6c480768d31a3,881,2025-06-23 19:31:15.554875+00,754d4f4ae261084d9133beb62dfc93bc,2025-06-23 19:31:15.554875+00,cde92a9c-0a7d-4e7b-9fb9-5fa3e4da3a41,5,5,"[""social media""]",,2025-06-23 19:32:19.066099+00,4af10769-d7cc-42a0-a9d1-a461f3014237,5,,"[""Thai""]",,2025-06-23 19:31:56.941374+00,TRUE
6bd86c97-c3e5-4bad-8583-3ded52aa18d0,78476f75-ddd3-456d-b404-61da327328d0,AB******,754d4f4ae261084d9133beb62dfc93bc,85b7ad0732380575bac6c480768d31a3,901,2025-06-23 19:32:15.432744+00,754d4f4ae261084d9133beb62dfc93bc,2025-06-23 19:31:15.554875+00,cde92a9c-0a7d-4e7b-9fb9-5fa3e4da3a41,5,5,"[""social media""]",,2025-06-23 19:32:19.066099+00,4af10769-d7cc-42a0-a9d1-a461f3014237,5,,"[""Thai""]",,2025-06-23 19:31:56.941374+00,TRUE
61621ea3-23ab-4a08-a520-8d5b17b21902,222861d5-d826-42ad-98ad-67e267607e1f,Min*****,34f1d620694886949a4ac69c28655812,e602f5aa91a0a0597b2bad597302ea7a,440,2025-06-28 02:14:21.5477+00,34f1d620694886949a4ac69c28655812,2025-06-28 02:14:21.5477+00,10e593fc-4ad8-45d0-a8ce-7506bc4d3549,5,5,"[""google search"",""walked by"",""online reviews""]",,2025-06-28 02:15:19.963073+00,e3f8074b-3f43-4f38-882d-ff0481705a73,4,,"[""English"",""Chinese""]",,2025-06-28 02:14:56.353377+00,TRUE
c19ee99c-f96d-4293-b7fc-d3df25d2ecc6,222861d5-d826-42ad-98ad-67e267607e1f,Min*****,34f1d620694886949a4ac69c28655812,e602f5aa91a0a0597b2bad597302ea7a,1234,2025-06-28 02:15:17.421935+00,34f1d620694886949a4ac69c28655812,2025-06-28 02:14:21.5477+00,10e593fc-4ad8-45d0-a8ce-7506bc4d3549,5,5,"[""google search"",""walked by"",""online reviews""]",,2025-06-28 02:15:19.963073+00,e3f8074b-3f43-4f38-882d-ff0481705a73,4,,"[""English"",""Chinese""]",,2025-06-28 02:14:56.353377+00,TRUE
7554330c-98d9-465b-aee0-fb85e90948fa,a797c03f-df22-44c2-9bb2-c1cbf4903764,Min*****,34f1d620694886949a4ac69c28655812,e602f5aa91a0a0597b2bad597302ea7a,1312,2025-06-28 02:18:29.120418+00,34f1d620694886949a4ac69c28655812,2025-06-28 02:18:12.762653+00,e86f7069-d449-40e1-9a02-30870a3f75aa,5,5,"[""google search"",""walked by"",""online reviews""]",,2025-06-28 02:18:34.062157+00,fc6be191-a0d9-4001-831c-d86d481961d3,4,,"[""English"",""Chinese""]",,2025-06-28 02:18:12.762653+00,TRUE
e3970240-16bd-4db5-97ca-d13da5bf3062,81883df3-ff44-4caf-8e11-4b45dcdbf431,max*****,5de7d8d0f662481cd21dc902e0a1cda3,038fdb2120852537658fe89ddfc0d890,94,2025-06-21 19:28:03.71542+00,5de7d8d0f662481cd21dc902e0a1cda3,2025-06-21 19:28:03.71542+00,,,,,,,,,,,,,TRUE
fed01e6a-8281-4b3e-b43c-5e4ac28a02e3,fa79d639-b966-40f3-8187-85944c8c65d7,Max*****,5de7d8d0f662481cd21dc902e0a1cda3,038fdb2120852537658fe89ddfc0d890,437,2025-06-21 20:17:53.78119+00,5de7d8d0f662481cd21dc902e0a1cda3,2025-06-21 20:17:53.78119+00,1d01d52d-51b5-47bd-9023-2eac33eb0689,5,5,"[""walked by""]",,2025-06-21 20:17:59.002418+00,ecc17f58-c35f-4746-9bf2-eaeb79681f24,5,,,,2025-06-21 20:18:12.421108+00,TRUE
79e0c207-10e5-4ab6-874f-6ec37d37b982,6c0cb199-f0bb-4d6c-b93a-572348cebfd0,Max*****,338e13bcd2c65999f382dc9d8e137823,e68d261ff60f7419b4f5c6b6434ab5c8,101,2025-06-21 19:29:17.139642+00,338e13bcd2c65999f382dc9d8e137823,2025-06-21 19:29:17.139642+00,b1dbd5b7-5a2e-42c2-bc0b-61d3e560dba6,4,4,"[""google search""]",,2025-06-21 19:29:35.844616+00,2b913574-b9ad-4106-ae2d-6f223c98a552,4,,"[""English""]",,2025-06-21 19:30:46.63493+00,TRUE
134b2ef7-6d15-432f-936d-6425987319db,7ff863fb-9d21-423b-b80c-b2ce0d4970d8,Gab*****,29830f11993d5cc1781908a0091b5b1a,31878cdcde8274077a570605f6b1d8cb,927,2025-06-29 06:30:16.183973+00,29830f11993d5cc1781908a0091b5b1a,2025-06-29 06:30:16.183973+00,82cc55d5-4954-4b7e-9dc3-4e81f44497b0,5,5,"[""social media""]",,2025-06-29 06:31:07.944667+00,087cc018-dba0-453f-9600-298d7b657369,4,,"[""Chinese""]",,2025-06-29 06:30:49.29146+00,TRUE
91dd7913-df2b-478f-9d24-1e2b1d94852b,7ff863fb-9d21-423b-b80c-b2ce0d4970d8,Gab*****,29830f11993d5cc1781908a0091b5b1a,31878cdcde8274077a570605f6b1d8cb,745,2025-06-29 06:31:05.198899+00,29830f11993d5cc1781908a0091b5b1a,2025-06-29 06:30:16.183973+00,82cc55d5-4954-4b7e-9dc3-4e81f44497b0,5,5,"[""social media""]",,2025-06-29 06:31:07.944667+00,087cc018-dba0-453f-9600-298d7b657369,4,,"[""Chinese""]",,2025-06-29 06:30:49.29146+00,TRUE
c9c921d5-1b00-4471-8b5d-d8bffd2ce8e7,84a32bf1-18d0-43bb-80fa-193e99198b92,chi*****,29de52c164d7100c78a022b3f421f3c2,0f7cb512639d274345fddd4b5a89d03a,70,2025-06-22 22:45:31.192668+00,29de52c164d7100c78a022b3f421f3c2,2025-06-22 22:45:31.192668+00,28e426e5-0b33-43b3-8e51-9e4c12069171,5,5,"[""walked by""]",,2025-06-22 22:45:45.63283+00,,,,,,,TRUE
43a912ae-ac57-48e0-aa58-0b778e8aa609,84a32bf1-18d0-43bb-80fa-193e99198b92,chi*****,29de52c164d7100c78a022b3f421f3c2,0f7cb512639d274345fddd4b5a89d03a,63,2025-06-22 22:46:51.188524+00,29de52c164d7100c78a022b3f421f3c2,2025-06-22 22:45:31.192668+00,28e426e5-0b33-43b3-8e51-9e4c12069171,5,5,"[""walked by""]",,2025-06-22 22:45:45.63283+00,,,,,,,TRUE
0619ad7b-0d78-44ee-899a-baee10076aec,2c381dab-2868-4efc-b976-914e686c0531,Nat*****,99d4b4efbe8a5fa1e5b9072cd3ce25ff,9190ac93e57d12f76b371ae59ecf4bca,161,2025-07-03 21:19:36.843919+00,99d4b4efbe8a5fa1e5b9072cd3ce25ff,2025-07-03 21:19:22.402966+00,0e366264-698d-4797-a660-4b0958299c5c,3,4,"[""walked by""]",,2025-07-03 21:19:37.041109+00,968658d6-f769-446c-9332-dd2168ce798e,4,,"[""English""]",,2025-07-03 21:20:19.179888+00,TRUE
1fcea5ab-414d-4e15-8ba2-874faaa8ffa7,dc6bbe90-d483-48a5-b759-f308f58781c7,Nei*****,fcdfe60d9aa406ad48927d18d8ef5576,79ed238cc2cfd37f9c53a6646de4632e,118,2025-07-04 17:42:14.087365+00,fcdfe60d9aa406ad48927d18d8ef5576,2025-07-04 17:41:59.239729+00,42ed3442-ab11-40dc-bc14-5dcc66258a4f,5,5,"[""walked by""]",,2025-07-04 17:42:21.386992+00,,,,,,,TRUE
0f103dec-13fd-4761-9d17-3906cb5a9cda,9484426b-83c4-41b1-8cd9-a7c8a64662fa,Mal*****,0e273a6c336c42cc618223355697f162,8eb4b0085c828865682b1a7f3241c19b,127,2025-07-06 03:21:56.306016+00,0e273a6c336c42cc618223355697f162,2025-07-06 03:21:41.236791+00,a1a3d146-20bb-4c36-8147-041644a4822e,5,5,"[""word of mouth""]",,2025-07-06 03:22:06.70755+00,,,,,,,TRUE
94353199-a26a-4eb3-8ff5-a4c35776a2ab,6d493613-cefc-4782-9051-490ee59f39de,Can*****,bf4bfc2260d5c18d6ef8653572f604ae,137750f56143043a402f678ec070ba78,753,2025-06-30 23:37:45.171515+00,bf4bfc2260d5c18d6ef8653572f604ae,2025-06-30 23:37:45.171515+00,0b1d2d7c-1be6-4cde-9ae1-601da8e90b7c,4,4,"[""word of mouth""]",,2025-06-30 23:37:53.981869+00,,,,,,,TRUE
fb30bb00-02fc-4122-ab39-9ed6cf2b6e0f,b8a77120-68f9-4cb4-99b6-141feafcd77a,T*******,457a9e9a9a5730033a8d59ccb29ec6f3,d175f3472ba4791d6ec109076aabf4c9,142,2025-06-30 21:11:37.783089+00,457a9e9a9a5730033a8d59ccb29ec6f3,2025-06-30 21:11:37.783089+00,05414702-27c3-4a7a-a53d-c102016887ab,5,5,"[""walked by""]",,2025-06-30 21:11:51.695411+00,,,,,,,TRUE
0409127e-a92a-430a-b2bb-0071e3d18da7,7c48c6cd-543d-4f3c-a887-1ad609e2c2d1,Ler*****,bb4cf66a7fd664ccbe376ec9b1868473,bcbb582c081ea159c652cee1a39210bf,682,2025-06-30 21:12:47.45148+00,bb4cf66a7fd664ccbe376ec9b1868473,2025-06-30 21:12:47.45148+00,a82195ba-d047-432a-a685-d6e12b93fdc8,5,5,"[""walked by""]",,2025-06-30 21:13:06.228851+00,,,,,,,TRUE
e6edfd29-e679-470c-894e-0745102ba9da,02f7c940-89b5-4562-ad30-c9ec3e773593,Vic*****,6d056f513e867df2022bb2d6b906f7a4,94c2e515d79c13fb358e121d5ad2cac4,291,2025-06-29 17:51:10.072922+00,6d056f513e867df2022bb2d6b906f7a4,2025-06-29 17:51:10.072922+00,1537f978-b32d-4589-b7cd-ee1aa3c8932d,4,4,"[""word of mouth""]",,2025-06-29 17:53:01.132046+00,,,,,,,TRUE
9dcc0447-354f-42df-b54e-23438dfc7063,02f7c940-89b5-4562-ad30-c9ec3e773593,Vic*****,6d056f513e867df2022bb2d6b906f7a4,94c2e515d79c13fb358e121d5ad2cac4,117,2025-06-29 17:52:50.744682+00,6d056f513e867df2022bb2d6b906f7a4,2025-06-29 17:51:10.072922+00,1537f978-b32d-4589-b7cd-ee1aa3c8932d,4,4,"[""word of mouth""]",,2025-06-29 17:53:01.132046+00,,,,,,,TRUE
91135d0e-6757-4ec1-8320-b90edd850d45,3c68b301-e28a-44ad-a965-e72fc2e9834f,MIA*****,625547fa2f816dc9a3ae954422a88f51,a1b0eaf145c438fcc71f5f179e861c5e,718,2025-06-23 20:01:30.250366+00,625547fa2f816dc9a3ae954422a88f51,2025-06-23 20:01:30.250366+00,595ed948-3512-4310-ab72-acb51e4950a2,5,5,"[""walked by""]",,2025-06-23 20:01:41.203411+00,aeb00640-ca9b-48aa-9372-f3f8422e4b76,5,,"[""English""]",,2025-06-23 20:01:53.965407+00,TRUE
ac51ad27-06b5-49e5-965c-b4b8552c736f,e097dfa8-2b2a-4103-ab8c-07d0a306cee8,Rey*****,228efda5b8522fa0febc74fcc2877774,dbd18016d9fab001b9560c4e36163a42,167,2025-06-26 02:03:08.753319+00,228efda5b8522fa0febc74fcc2877774,2025-06-26 02:03:08.753319+00,bea6b550-2ddb-45cc-a4c1-dc63eaa8aea3,5,5,"[""walked by""]",,2025-06-26 02:03:15.592388+00,,,,,,,TRUE
57c2ede9-2c50-411b-8001-894e5b158805,684e70c5-ac08-4903-911e-a6da6a4e7ff9,Leo*****,24d166a07c1e70298237e3afa47f3632,5d3837cd8aad134bfaf5111d717dcd6a,339,2025-06-29 17:24:37.334738+00,24d166a07c1e70298237e3afa47f3632,2025-06-29 17:24:37.334738+00,3cdc0076-6a9b-4b6d-8c25-5c36edf9b8aa,5,5,"[""walked by""]",,2025-06-29 17:26:53.208906+00,df989587-ab11-4b10-acc9-855632a51057,5,,"[""English""]",,2025-06-29 17:25:01.97176+00,TRUE
7e7dd6c5-2efa-4890-bcf8-e3693736b00f,684e70c5-ac08-4903-911e-a6da6a4e7ff9,Leo*****,24d166a07c1e70298237e3afa47f3632,5d3837cd8aad134bfaf5111d717dcd6a,691,2025-06-29 17:25:18.044734+00,24d166a07c1e70298237e3afa47f3632,2025-06-29 17:24:37.334738+00,3cdc0076-6a9b-4b6d-8c25-5c36edf9b8aa,5,5,"[""walked by""]",,2025-06-29 17:26:53.208906+00,df989587-ab11-4b10-acc9-855632a51057,5,,"[""English""]",,2025-06-29 17:25:01.97176+00,TRUE
ab508f06-305a-4625-a41e-3ab80f810498,684e70c5-ac08-4903-911e-a6da6a4e7ff9,Leo*****,24d166a07c1e70298237e3afa47f3632,5d3837cd8aad134bfaf5111d717dcd6a,716,2025-06-29 17:26:49.882829+00,24d166a07c1e70298237e3afa47f3632,2025-06-29 17:24:37.334738+00,3cdc0076-6a9b-4b6d-8c25-5c36edf9b8aa,5,5,"[""walked by""]",,2025-06-29 17:26:53.208906+00,df989587-ab11-4b10-acc9-855632a51057,5,,"[""English""]",,2025-06-29 17:25:01.97176+00,TRUE
6fbdb148-c815-4412-9ae2-dfadef0e1307,dea191ea-2172-4877-87cb-fda64cef5af4,Par*****,898ee41583fed6f9d0681b0da8bd9d27,4cc998bf8b1a112a44f9a8ceca467f94,8,2025-06-21 17:58:10.069481+00,898ee41583fed6f9d0681b0da8bd9d27,2025-06-21 17:58:10.069481+00,41883899-2c84-43ba-8cfe-afdc85624514,4,4,"[""google search""]",,2025-06-21 17:59:10.818005+00,6c306e26-9930-4db5-b593-ab76617871d5,4,Na,"[""English"",""Hindi""]",,2025-06-21 17:59:29.309955+00,TRUE
a48beccb-4664-4d26-aae7-4fed47c1a49b,dea191ea-2172-4877-87cb-fda64cef5af4,Par*****,898ee41583fed6f9d0681b0da8bd9d27,4cc998bf8b1a112a44f9a8ceca467f94,60,2025-06-21 17:59:06.721934+00,898ee41583fed6f9d0681b0da8bd9d27,2025-06-21 17:58:10.069481+00,41883899-2c84-43ba-8cfe-afdc85624514,4,4,"[""google search""]",,2025-06-21 17:59:10.818005+00,6c306e26-9930-4db5-b593-ab76617871d5,4,Na,"[""English"",""Hindi""]",,2025-06-21 17:59:29.309955+00,TRUE
7db94e2d-9f5b-4965-b399-cf6af31d9c6f,17f68d1c-957c-430b-8655-64df406f7e21,Lil*****,e76f041666fa05f52ebf868e1cc7c63f,a17d52a38112e50c81c8fb92e9918a85,369,2025-07-01 01:42:12.588708+00,e76f041666fa05f52ebf868e1cc7c63f,2025-07-01 01:42:12.588708+00,76b5842d-dc18-4b67-a741-d07e8715c348,4,5,"[""word of mouth""]",,2025-07-01 01:42:27.450028+00,,,,,,,TRUE
fbdff0b5-3298-4b60-bad8-309129b20bba,36541c62-4496-454f-b70a-591ccc6249a2,bee*****,c95fdcf533a4b600be4ef933ecd5ad43,9308a3c2c50ad4f9507c47b18e5b8e72,83,2025-06-22 21:47:57.788016+00,c95fdcf533a4b600be4ef933ecd5ad43,2025-06-22 21:47:57.788016+00,2724d683-fe41-4327-b4ad-cc50075c30f7,5,5,"[""google search""]",,2025-06-22 21:50:00.873865+00,,,,,,,TRUE
dea2fdff-d295-4d76-9f4e-987f85dfb8e1,36541c62-4496-454f-b70a-591ccc6249a2,big*****,c95fdcf533a4b600be4ef933ecd5ad43,9e9771e6e7b66c488500dfad6f20a3a3,100,2025-06-22 21:48:59.914722+00,c95fdcf533a4b600be4ef933ecd5ad43,2025-06-22 21:47:57.788016+00,2724d683-fe41-4327-b4ad-cc50075c30f7,5,5,"[""google search""]",,2025-06-22 21:50:00.873865+00,,,,,,,TRUE
54c5af41-db65-4138-a1ec-5e262cb7257a,36541c62-4496-454f-b70a-591ccc6249a2,cre*****,c95fdcf533a4b600be4ef933ecd5ad43,82e6a5214d3491ae4fc67f898abcf2c6,750,2025-06-22 21:49:55.597737+00,c95fdcf533a4b600be4ef933ecd5ad43,2025-06-22 21:47:57.788016+00,2724d683-fe41-4327-b4ad-cc50075c30f7,5,5,"[""google search""]",,2025-06-22 21:50:00.873865+00,,,,,,,TRUE
7210c1ad-2294-44c2-9af3-c82b4e1cebe3,a54b7ca5-a898-4b99-985c-6b7a30d20aba,Mam*****,6fed5ab09e1d431913fe545b00a848bf,dd8614710ec841e935d0a95fdd6c990f,54,2025-06-23 20:01:27.69975+00,6fed5ab09e1d431913fe545b00a848bf,2025-06-23 20:01:27.69975+00,dbf4035c-ac63-48c9-abd5-fbaee734dad5,3,3,"[""walked by""]",,2025-06-23 20:01:53.452572+00,d7f20321-4f9c-4b17-8e6e-c12c26e2f654,3,,,,2025-06-23 20:02:28.297191+00,TRUE
27a64d37-5d77-4b0a-bf89-d3e3a6fa838c,1934cd36-2721-4ebf-ae5e-cce96bca5bcb,Mam*****,6fed5ab09e1d431913fe545b00a848bf,dd8614710ec841e935d0a95fdd6c990f,270,2025-06-23 20:12:07.308407+00,6fed5ab09e1d431913fe545b00a848bf,2025-06-23 20:12:07.308407+00,0cae03f1-43f5-47f6-a7f3-355dda6db433,3,3,"[""walked by""]",,2025-06-23 20:12:17.099825+00,,,,,,,TRUE
1769668b-83bb-42f8-976c-5ab12713a904,cd263766-23bb-4803-a320-d9bb15f94321,Kha*****,809ccb5f49213c64002a475d2e7e0d88,d0e045d455d4deb89d26f3642d9e05b5,422,2025-06-23 03:36:53.970238+00,809ccb5f49213c64002a475d2e7e0d88,2025-06-23 03:36:53.970238+00,d8384860-3c3e-4edd-89ff-27f481633060,4,4,"[""google search""]",,2025-06-23 03:37:03.129302+00,,,,,,,TRUE
c171f3d9-64b5-41f9-8a6d-f70698fe14f4,c8c91ddb-b2df-436c-af8e-ff6d314d2fe8,Kar*****,c6c06347d94e4a95d4581af418cac660,6de02703e35dc2611c61662171da67b7,59,2025-06-25 04:04:03.101551+00,c6c06347d94e4a95d4581af418cac660,2025-06-25 04:04:03.101551+00,72b260a6-169a-46c2-b4e1-b8a855818925,4,4,"[""word of mouth""]",,2025-06-25 04:04:18.468383+00,,,,,,,TRUE
16669087-b89e-4f43-81cb-bc7d23b14bbf,69547d30-532b-429b-99e9-aa7d181001bf,Sha*****,2ac2fff456d4c521c0ea94c6c8cb19a8,7cea7a3413c01ec859312a4f611be013,110,2025-06-22 22:29:14.070243+00,2ac2fff456d4c521c0ea94c6c8cb19a8,2025-06-22 22:29:14.070243+00,06884b84-a8c8-420f-b765-e7a992f83998,5,5,"[""walked by""]",,2025-06-22 22:30:24.117407+00,7f76a823-2ab5-4cb9-88cd-1406109ffaff,5,,"[""English"",""Japanese""]",,2025-06-22 22:30:01.082174+00,TRUE
42573184-1971-4c8e-9cd6-18505121d690,69547d30-532b-429b-99e9-aa7d181001bf,Sha*****,2ac2fff456d4c521c0ea94c6c8cb19a8,7cea7a3413c01ec859312a4f611be013,372,2025-06-22 22:30:19.587601+00,2ac2fff456d4c521c0ea94c6c8cb19a8,2025-06-22 22:29:14.070243+00,06884b84-a8c8-420f-b765-e7a992f83998,5,5,"[""walked by""]",,2025-06-22 22:30:24.117407+00,7f76a823-2ab5-4cb9-88cd-1406109ffaff,5,,"[""English"",""Japanese""]",,2025-06-22 22:30:01.082174+00,TRUE
625f8838-ee66-40e6-b8af-b85d10d4d2aa,c9086b49-0f2a-4368-bffc-ba9a79829244,Eri*****,e7a0b55c6ffb838d82b3d896f244c492,4984ba1a6c7d66a367a1900f10004544,56,2025-06-22 22:45:16.037178+00,e7a0b55c6ffb838d82b3d896f244c492,2025-06-22 22:45:16.037178+00,0c39e16a-da7d-44d9-bf75-07b381b02917,5,5,"[""walked by""]",,2025-06-22 22:45:53.81736+00,c827828b-7c86-4bbf-bbbf-25271b32cce4,5,,"[""Chinese""]",,2025-06-22 22:45:35.167561+00,TRUE
6b0f5206-f376-4339-91fb-ac00bc2de13f,c9086b49-0f2a-4368-bffc-ba9a79829244,Eri*****,e7a0b55c6ffb838d82b3d896f244c492,4984ba1a6c7d66a367a1900f10004544,71,2025-06-22 22:45:53.546972+00,e7a0b55c6ffb838d82b3d896f244c492,2025-06-22 22:45:16.037178+00,0c39e16a-da7d-44d9-bf75-07b381b02917,5,5,"[""walked by""]",,2025-06-22 22:45:53.81736+00,c827828b-7c86-4bbf-bbbf-25271b32cce4,5,,"[""Chinese""]",,2025-06-22 22:45:35.167561+00,TRUE
516df2b0-75d1-4b8f-bf4b-9ee1f1bccc36,4368a553-0d1c-4c21-8cb6-5899e0d0dd76,Fat*****,903b329c8cdc7bad999833461e243799,e2341038ddfca16a5f228ddc1ea0695c,155,2025-06-30 16:41:49.503967+00,903b329c8cdc7bad999833461e243799,2025-06-30 16:41:49.503967+00,7f53d978-169b-417d-a55d-56b9ccea7b4c,5,5,"[""walked by""]",Favorite ramen in the city,2025-06-30 16:42:03.145577+00,,,,,,,TRUE
300b03f6-8d14-435e-ac45-2cae2058444e,eb1a6e35-74c9-459e-b9a4-60db62e4a54c,Bri*****,0764b2b8e49aca476a98b2cb77a9c3d7,8ad0736eac191dfefc5e32dbb4798118,90,2025-06-22 23:32:11.366971+00,0764b2b8e49aca476a98b2cb77a9c3d7,2025-06-22 23:32:11.366971+00,6c04c394-ba3e-4f54-bf87-157097c69f08,5,5,"[""walked by""]",,2025-06-22 23:34:38.380599+00,cb2c9005-42c7-43d9-aa3f-36e3a7241467,5,,"[""English""]",,2025-06-22 23:35:24.16314+00,TRUE
6ada4e42-3587-48b6-bc6a-37010badec4f,eb1a6e35-74c9-459e-b9a4-60db62e4a54c,Bri*****,0764b2b8e49aca476a98b2cb77a9c3d7,8ad0736eac191dfefc5e32dbb4798118,297,2025-06-22 23:33:29.82481+00,0764b2b8e49aca476a98b2cb77a9c3d7,2025-06-22 23:32:11.366971+00,6c04c394-ba3e-4f54-bf87-157097c69f08,5,5,"[""walked by""]",,2025-06-22 23:34:38.380599+00,cb2c9005-42c7-43d9-aa3f-36e3a7241467,5,,"[""English""]",,2025-06-22 23:35:24.16314+00,TRUE
79cb7d2b-083c-4a20-833c-791bdbb5e8d2,eb1a6e35-74c9-459e-b9a4-60db62e4a54c,Bri*****,0764b2b8e49aca476a98b2cb77a9c3d7,8ad0736eac191dfefc5e32dbb4798118,872,2025-06-22 23:33:58.767993+00,0764b2b8e49aca476a98b2cb77a9c3d7,2025-06-22 23:32:11.366971+00,6c04c394-ba3e-4f54-bf87-157097c69f08,5,5,"[""walked by""]",,2025-06-22 23:34:38.380599+00,cb2c9005-42c7-43d9-aa3f-36e3a7241467,5,,"[""English""]",,2025-06-22 23:35:24.16314+00,TRUE
1c21139c-2bcb-41f1-82a8-dc107e82045b,eb1a6e35-74c9-459e-b9a4-60db62e4a54c,Bri*****,0764b2b8e49aca476a98b2cb77a9c3d7,8ad0736eac191dfefc5e32dbb4798118,896,2025-06-22 23:34:33.216202+00,0764b2b8e49aca476a98b2cb77a9c3d7,2025-06-22 23:32:11.366971+00,6c04c394-ba3e-4f54-bf87-157097c69f08,5,5,"[""walked by""]",,2025-06-22 23:34:38.380599+00,cb2c9005-42c7-43d9-aa3f-36e3a7241467,5,,"[""English""]",,2025-06-22 23:35:24.16314+00,TRUE
138259c8-ce34-4d84-9844-8e6ad93681b1,181152d4-a4b6-4acb-a352-cf7c8f697bb2,Bri*****,0764b2b8e49aca476a98b2cb77a9c3d7,8ad0736eac191dfefc5e32dbb4798118,984,2025-06-22 23:37:37.602635+00,0764b2b8e49aca476a98b2cb77a9c3d7,2025-06-22 23:37:37.602635+00,34453b46-f5c2-45f7-bb3c-b7dffe1b57cb,5,5,"[""walked by""]",,2025-06-22 23:37:43.284268+00,,,,,,,TRUE
4610d445-9533-4409-9b11-6704b6286c0e,41e5b026-b04e-4e96-8787-56152da19057,Ism*****,203b9268c0bcdb395861fca4b4f45b9b,516188e0b70fb863a4a9def6683264c3,153,2025-06-28 04:25:15.922596+00,203b9268c0bcdb395861fca4b4f45b9b,2025-06-28 04:25:15.922596+00,7ef015dc-fe13-44c0-b0a5-3862bc899424,5,5,"[""social media"",""google search""]",,2025-06-28 04:25:29.331992+00,,,,,,,TRUE
15ae662a-bc08-4631-a576-b35f5e5380ea,c6e26867-2e3e-44b5-ae9b-a83af03b6e9d,Zac*****,8841c6fb3578ecdeeace25b525c570af,ebd4e6c16a9dc9b137030602fd4ebca1,419,2025-06-23 02:50:56.017734+00,8841c6fb3578ecdeeace25b525c570af,2025-06-23 02:50:56.017734+00,a95b70a8-1842-4fb6-ab93-2ed0449d08fd,5,5,"[""social media"",""walked by""]",,2025-06-23 02:51:09.587375+00,36f0fede-a283-4bc2-965c-c46021edad6f,5,,"[""English""]",,2025-06-23 02:51:27.378404+00,TRUE
bb7585e5-2ce2-4fc3-b1e7-c19565084ba9,c6e26867-2e3e-44b5-ae9b-a83af03b6e9d,Zac*****,8841c6fb3578ecdeeace25b525c570af,cfa2b4d7cefa864c8006090c92754d8f,363,2025-06-23 02:53:04.222846+00,8841c6fb3578ecdeeace25b525c570af,2025-06-23 02:50:56.017734+00,a95b70a8-1842-4fb6-ab93-2ed0449d08fd,5,5,"[""social media"",""walked by""]",,2025-06-23 02:51:09.587375+00,36f0fede-a283-4bc2-965c-c46021edad6f,5,,"[""English""]",,2025-06-23 02:51:27.378404+00,TRUE
bd58ddab-e4cc-4e55-8464-ae5d20479bf0,e16a10db-d669-4750-88d1-b3afa347e4b5,Sta*****,4bf1dea1be7bbca9b92e2c07d9ef4cd2,8f3e0727d7c5f2481b5ae2851373edcb,135,2025-06-26 04:17:30.119003+00,4bf1dea1be7bbca9b92e2c07d9ef4cd2,2025-06-26 04:17:30.119003+00,d4916212-8aa8-431c-825b-a8e3f64c5253,5,5,"[""google search"",""walked by""]",,2025-06-26 04:17:45.13475+00,,,,,,,TRUE
3d664717-c36d-4d7f-8040-6586635083ce,c146580d-64c0-4c1c-9963-0b8b640f5579,Dan*****,2109b70dbb0ca5d488acda9aeeea295f,a3ad9bbdfe80ee639bc8810bf1af8015,172,2025-06-28 00:02:58.47262+00,2109b70dbb0ca5d488acda9aeeea295f,2025-06-28 00:02:58.47262+00,d647d316-58e5-480d-9c20-c5b7ba073cf5,5,5,"[""walked by""]",,2025-06-28 00:03:08.730016+00,,,,,,,TRUE
b771a7f8-34fc-4cd9-ad78-45c1581a25a2,caf78ef8-ab4c-4fc2-bc4f-385f72b6f69b,Ari*****,66720e64c5f33324c59fb60f0a701ead,f51f5a797124aec410d3788000f0fc50,858,2025-06-22 22:56:14.673376+00,66720e64c5f33324c59fb60f0a701ead,2025-06-22 22:56:14.673376+00,e1d8efe2-81d5-41fe-9301-33c8446662b9,5,5,"[""online reviews""]",,2025-06-22 22:56:24.356675+00,,,,,,,TRUE
2603f4df-1af2-4a86-ac36-8e349a3d2142,6b6d9e67-7f4e-4b78-8636-9c87917bd24e,Jay*****,d38a0ac709cfdf197acd319e436acd3c,6c740e8616bc97cce955aa30a712dc4e,1,2025-06-21 04:23:30.825128+00,d38a0ac709cfdf197acd319e436acd3c,2025-06-21 04:23:30.825128+00,844c4641-f7d6-4907-8283-f88a517edef2,5,5,"[""social media""]",,2025-06-21 04:23:44.895837+00,2ae82f2e-7f78-4c9b-a1fd-669a1c1f7ac8,3,,"[""English""]",,2025-06-21 04:23:57.883771+00,TRUE
0f16c51b-e0c9-46a6-ab13-bcc759d52ab0,6b6d9e67-7f4e-4b78-8636-9c87917bd24e,Jay*****,d38a0ac709cfdf197acd319e436acd3c,6c740e8616bc97cce955aa30a712dc4e,4,2025-06-21 04:24:27.112294+00,d38a0ac709cfdf197acd319e436acd3c,2025-06-21 04:23:30.825128+00,844c4641-f7d6-4907-8283-f88a517edef2,5,5,"[""social media""]",,2025-06-21 04:23:44.895837+00,2ae82f2e-7f78-4c9b-a1fd-669a1c1f7ac8,3,,"[""English""]",,2025-06-21 04:23:57.883771+00,TRUE
6657c13c-3c02-444b-a85f-25cecb26e2d3,36a67b25-be07-4917-ba7a-6523cc99760b,Jay*****,d38a0ac709cfdf197acd319e436acd3c,6c740e8616bc97cce955aa30a712dc4e,225,2025-06-21 16:37:15.035883+00,d38a0ac709cfdf197acd319e436acd3c,2025-06-21 16:37:15.035883+00,c320aed7-998e-4fd2-a2c8-8f36547ae6a8,5,5,"[""walked by""]",,2025-06-21 16:37:27.98547+00,9c620a0a-4292-46a1-ad02-b74ec279ad53,5,,"[""Thai""]",,2025-06-21 16:38:49.091437+00,TRUE
9010ff96-9939-4ee7-82fb-e110d8dac2df,1c145cba-b09b-49db-9599-c8c2bb083c70,Jay*****,d38a0ac709cfdf197acd319e436acd3c,6c740e8616bc97cce955aa30a712dc4e,276,2025-06-21 19:02:46.775063+00,d38a0ac709cfdf197acd319e436acd3c,2025-06-21 19:02:46.775063+00,79be2016-f2b3-40c7-a767-f400d6ccb9cb,5,5,"[""social media""]",,2025-06-21 19:02:52.773426+00,,,,,,,TRUE
9ae9128c-12b0-46bb-aad3-948129f9e3b7,9838fe42-ab01-4d3b-bffe-12330c90ac7d,Jay*****,d38a0ac709cfdf197acd319e436acd3c,8095075f2d8c04194e51bf0744dc78fd,309,2025-06-28 17:18:25.245016+00,d38a0ac709cfdf197acd319e436acd3c,2025-06-28 17:18:25.245016+00,dde3877f-6472-409b-86d2-0c382f4f104c,5,5,"[""walked by""]",,2025-06-28 17:18:30.787733+00,,,,,,,TRUE
d115c973-d1ef-404c-994c-067fc97a8806,5c3f3a65-bc09-4ea7-ab05-70b39d114189,Jay*****,d38a0ac709cfdf197acd319e436acd3c,8095075f2d8c04194e51bf0744dc78fd,345,2025-06-29 18:14:23.259953+00,d38a0ac709cfdf197acd319e436acd3c,2025-06-29 18:14:23.259953+00,c5ebd2e1-6188-4c71-a106-389984955894,5,5,"[""social media""]",,2025-06-29 18:14:27.459556+00,,,,,,,TRUE
d372df9d-6828-48c5-bf4f-5d5e5d938e3d,6854a9ac-ccbd-48ea-82fa-9c5ce0820ae7,Dan*****,e0d4857774fc11d52276992af507c851,26d8040fd7a36ac8353984cbba9864b3,622,2025-06-29 18:11:53.131033+00,e0d4857774fc11d52276992af507c851,2025-06-29 18:11:53.131033+00,45374499-b235-4dfe-9e92-df104e430c25,5,5,"[""word of mouth""]",,2025-06-29 18:12:07.974385+00,e489cc30-976f-4ef4-b7d8-d3970881f41d,5,Friendly staff,"[""English""]",,2025-06-29 18:12:47.108944+00,TRUE
1cf48fb2-d696-48f1-bc92-3e34cc946534,611870f4-6868-4a84-b8de-69dd33d3c8e4,Can*****,5d084726cc4aa14b65e24323c8c05364,d687dbea5ff193eb4a960d4fe85e4c26,972,2025-06-22 22:11:11.237927+00,5d084726cc4aa14b65e24323c8c05364,2025-06-22 22:11:11.237927+00,af40e60d-693c-443f-bab8-07f1ee325fb7,5,5,"[""social media"",""google search"",""walked by"",""online reviews"",""word of mouth""]",,2025-06-22 22:11:20.786582+00,,,,,,,TRUE
18caf72f-6621-44f4-93d2-7d7e254aad20,295a27d2-f5bf-4c6f-9a78-272632e8dc4c,Can*****,5d084726cc4aa14b65e24323c8c05364,d687dbea5ff193eb4a960d4fe85e4c26,793,2025-06-23 23:21:10.71456+00,5d084726cc4aa14b65e24323c8c05364,2025-06-23 23:21:10.71456+00,cf334c74-ee87-4a8a-9a44-3b1af27d85d0,5,5,"[""social media"",""google search""]",,2025-06-23 23:21:18.422056+00,,,,,,,TRUE
89018bb0-8e4a-4711-8e12-b37e5c2a5988,4c5940a6-53d0-41f3-bb7f-1ca7c7076a62,Que*****,5d084726cc4aa14b65e24323c8c05364,1afb445d8597c545297cb8f6089d56d8,691,2025-06-30 01:08:14.61519+00,5d084726cc4aa14b65e24323c8c05364,2025-06-30 01:08:14.61519+00,d3b5b09d-7d2f-402c-be43-3c9a2805f43c,5,5,"[""google search""]",,2025-06-30 01:10:03.845088+00,0486d822-feda-4220-8993-04b2911245d7,5,,"[""Spanish"",""Chinese"",""Thai""]",,2025-06-30 01:10:12.842588+00,TRUE
d74a7560-040a-4db7-9e08-714bec8c7141,4c5940a6-53d0-41f3-bb7f-1ca7c7076a62,Que*****,5d084726cc4aa14b65e24323c8c05364,1afb445d8597c545297cb8f6089d56d8,1148,2025-06-30 01:09:13.621598+00,5d084726cc4aa14b65e24323c8c05364,2025-06-30 01:08:14.61519+00,d3b5b09d-7d2f-402c-be43-3c9a2805f43c,5,5,"[""google search""]",,2025-06-30 01:10:03.845088+00,0486d822-feda-4220-8993-04b2911245d7,5,,"[""Spanish"",""Chinese"",""Thai""]",,2025-06-30 01:10:12.842588+00,TRUE
eec45c1d-c930-4b73-8e0a-af8bd8e5b9b9,4c5940a6-53d0-41f3-bb7f-1ca7c7076a62,Que*****,5d084726cc4aa14b65e24323c8c05364,1afb445d8597c545297cb8f6089d56d8,904,2025-06-30 01:10:01.425514+00,5d084726cc4aa14b65e24323c8c05364,2025-06-30 01:08:14.61519+00,d3b5b09d-7d2f-402c-be43-3c9a2805f43c,5,5,"[""google search""]",,2025-06-30 01:10:03.845088+00,0486d822-feda-4220-8993-04b2911245d7,5,,"[""Spanish"",""Chinese"",""Thai""]",,2025-06-30 01:10:12.842588+00,TRUE
f1c07dc5-1ddc-42a6-bf3b-56e2d23b45dd,4c5940a6-53d0-41f3-bb7f-1ca7c7076a62,Que*****,5d084726cc4aa14b65e24323c8c05364,1afb445d8597c545297cb8f6089d56d8,740,2025-06-30 01:10:34.547538+00,5d084726cc4aa14b65e24323c8c05364,2025-06-30 01:08:14.61519+00,d3b5b09d-7d2f-402c-be43-3c9a2805f43c,5,5,"[""google search""]",,2025-06-30 01:10:03.845088+00,0486d822-feda-4220-8993-04b2911245d7,5,,"[""Spanish"",""Chinese"",""Thai""]",,2025-06-30 01:10:12.842588+00,TRUE
634ced37-0815-4d81-b911-a65dc34b70bd,295fc3e2-e9f9-49fc-8386-c38aaac805ea,Leo*****,c3619c4a152269f8b6eb41e08c6642ce,1862e6bdc6c5c394560fef1c7b9c2086,37,2025-06-28 21:18:11.330765+00,c3619c4a152269f8b6eb41e08c6642ce,2025-06-28 21:18:11.330765+00,0a97a804-06c5-43dc-939e-349815297204,5,5,"[""walked by""]",,2025-06-28 21:18:53.242787+00,22575d88-8709-4fcd-a392-455f34dad127,5,,"[""Spanish""]",,2025-06-28 21:18:35.97911+00,TRUE
66439d18-30ed-422a-9baa-74d9769f5e72,295fc3e2-e9f9-49fc-8386-c38aaac805ea,Leo*****,c3619c4a152269f8b6eb41e08c6642ce,1862e6bdc6c5c394560fef1c7b9c2086,65,2025-06-28 21:18:52.676406+00,c3619c4a152269f8b6eb41e08c6642ce,2025-06-28 21:18:11.330765+00,0a97a804-06c5-43dc-939e-349815297204,5,5,"[""walked by""]",,2025-06-28 21:18:53.242787+00,22575d88-8709-4fcd-a392-455f34dad127,5,,"[""Spanish""]",,2025-06-28 21:18:35.97911+00,TRUE
660c8b17-f975-4f7e-8006-b4bdd83d1665,048fac5a-66ec-4966-82fc-9d0d658c45b3,mas*****,17e66e6eb4cefbfda691acf132d7fb76,6feda212fdcf629df1d7463bfb76e7b8,66,2025-06-21 19:27:32.745339+00,17e66e6eb4cefbfda691acf132d7fb76,2025-06-21 19:27:32.745339+00,,,,,,,,,,,,,TRUE
7f9387b1-2e1c-4ae1-a876-faa54ad9099b,db959cd7-8788-433b-b343-1e9284c5e1ee,Mig*****,53aeaa03907b818750a771793cd13aea,ab9194a5e1497ef3359a2630fb23d894,150,2025-06-21 19:05:43.312796+00,53aeaa03907b818750a771793cd13aea,2025-06-21 19:05:43.312796+00,dc8b627d-ca5c-4812-a8ea-4a3039b55fff,4,4,"[""social media""]",,2025-06-21 19:07:32.885632+00,,,,,,,TRUE
85c8f5b9-7dc4-4f08-8985-efa77393fe37,46250b9d-5487-4e69-abeb-fe009e42095a,Mua*****,3edf3b6beceadd67f8239912e655c33a,1afb445d8597c545297cb8f6089d56d8,763,2025-06-23 18:20:23.391217+00,3edf3b6beceadd67f8239912e655c33a,2025-06-23 18:20:23.391217+00,48bf415e-d4c4-4937-9d5f-29e597edeb63,5,5,"[""google search"",""walked by""]",,2025-06-23 18:20:28.831816+00,,,,,,,TRUE
23001495-78d1-4ac1-91ac-a260eb24d57e,2a085724-5a8e-4c4b-9544-1f32cd6474b0,Ton*****,f397581d9c35cb27aae6668e92c12712,bbd400465809da4040becc0da89c4b45,670,2025-06-24 01:05:52.789844+00,f397581d9c35cb27aae6668e92c12712,2025-06-24 01:05:52.789844+00,a2b5e365-6ae4-40b5-af1b-222605b6811f,5,5,"[""walked by""]",,2025-06-24 01:06:01.679043+00,,,,,,,TRUE
245eeaa1-b592-4137-aad0-c54a0d17f590,43a28e4c-9963-4079-add5-7969a74ebd64,No.*****,664fae06a748e656511d55b59fc6f85e,a4523bbe3f0eefb435c2507d3afdd7df,38,2025-06-23 03:52:18.001901+00,664fae06a748e656511d55b59fc6f85e,2025-06-23 03:52:18.001901+00,5a661903-502e-4fdf-8a85-0dedcea0adcc,5,5,"[""walked by""]",,2025-06-23 03:52:22.863458+00,,,,,,,TRUE
7a2c97ca-32b6-48ba-947d-eb639610b571,cc448c71-eb1e-44b9-a23f-792cda132156,.*******,2d10cec677ce476ed8b8af98991ce850,583a32d45336c7157ccef0025c0ae4ca,153,2025-06-22 22:07:17.367444+00,2d10cec677ce476ed8b8af98991ce850,2025-06-22 22:07:17.367444+00,a7c53a12-2e31-4c05-9b8e-b3bcf692afb1,5,5,"[""social media"",""google search"",""walked by"",""online reviews"",""word of mouth""]",,2025-06-22 22:07:34.625388+00,,,,,,,TRUE
009f9830-5b6c-4d04-a2d7-6e3cdf98f2f9,c6f1b964-c726-4a7f-ac2f-21b6fc77f00e,Nic*****,206c4aee5df286631e739123b05f3be6,6e55d785c8b87140f0049ccfeecf45e4,534,2025-06-29 02:26:55.98576+00,206c4aee5df286631e739123b05f3be6,2025-06-29 02:26:55.98576+00,,,,,,,,,,,,,TRUE
9a7fc0fa-fa51-483f-a6f9-820dbf525ad1,9369cc84-a952-423e-9613-27368fdb1aef,Ale*****,145ea0adb85049f1beec28dd6a8c0ddf,4b358859b2b810575bfddf41bfd1decd,32,2025-06-22 22:49:14.008978+00,145ea0adb85049f1beec28dd6a8c0ddf,2025-06-22 22:49:14.008978+00,0d4470cd-0006-4404-8f89-61713fc7497b,4,5,"[""walked by""]",I,2025-06-22 22:50:57.601039+00,9f2e1a78-30fc-4ef3-8651-a6db53b1d591,5,,"[""English"",""Spanish""]",,2025-06-22 22:51:02.987744+00,TRUE
2ee95a9b-820f-4def-893e-9ae28bfc3356,9369cc84-a952-423e-9613-27368fdb1aef,Ale*****,145ea0adb85049f1beec28dd6a8c0ddf,4b358859b2b810575bfddf41bfd1decd,103,2025-06-22 22:50:33.813032+00,145ea0adb85049f1beec28dd6a8c0ddf,2025-06-22 22:49:14.008978+00,0d4470cd-0006-4404-8f89-61713fc7497b,4,5,"[""walked by""]",I,2025-06-22 22:50:57.601039+00,9f2e1a78-30fc-4ef3-8651-a6db53b1d591,5,,"[""English"",""Spanish""]",,2025-06-22 22:51:02.987744+00,TRUE
21f9d48e-39bb-4074-b521-c26c9aac69e6,9369cc84-a952-423e-9613-27368fdb1aef,Ale*****,145ea0adb85049f1beec28dd6a8c0ddf,4b358859b2b810575bfddf41bfd1decd,253,2025-06-22 22:50:55.8944+00,145ea0adb85049f1beec28dd6a8c0ddf,2025-06-22 22:49:14.008978+00,0d4470cd-0006-4404-8f89-61713fc7497b,4,5,"[""walked by""]",I,2025-06-22 22:50:57.601039+00,9f2e1a78-30fc-4ef3-8651-a6db53b1d591,5,,"[""English"",""Spanish""]",,2025-06-22 22:51:02.987744+00,TRUE
d372efc2-d80a-40b3-bcb8-236c28e3e714,06284c0d-bf7a-4fa9-b631-2cee2ea57a2e,Tif*****,2bdcb5bbe60894f14a138bab920e71eb,e548bbaa22dd966d8224abc29488e7b2,429,2025-06-26 02:12:12.121718+00,2bdcb5bbe60894f14a138bab920e71eb,2025-06-26 02:12:12.121718+00,80b2fe41-19cb-4b9c-9d62-178156fc8e16,5,2,"[""word of mouth""]",,2025-06-26 02:14:06.468705+00,44da2745-c28b-44d4-bc5a-2d8a09ba3151,5,,"[""English""]",,2025-06-26 02:13:33.843088+00,TRUE
4b6bee26-8f46-42b6-a0d3-e94d93b9805b,06284c0d-bf7a-4fa9-b631-2cee2ea57a2e,Tif*****,2bdcb5bbe60894f14a138bab920e71eb,e548bbaa22dd966d8224abc29488e7b2,1118,2025-06-26 02:13:09.68394+00,2bdcb5bbe60894f14a138bab920e71eb,2025-06-26 02:12:12.121718+00,80b2fe41-19cb-4b9c-9d62-178156fc8e16,5,2,"[""word of mouth""]",,2025-06-26 02:14:06.468705+00,44da2745-c28b-44d4-bc5a-2d8a09ba3151,5,,"[""English""]",,2025-06-26 02:13:33.843088+00,TRUE
e3ada3bd-db8b-48d7-a38a-8bbfb425208e,06284c0d-bf7a-4fa9-b631-2cee2ea57a2e,Tif*****,2bdcb5bbe60894f14a138bab920e71eb,e548bbaa22dd966d8224abc29488e7b2,1016,2025-06-26 02:13:52.960933+00,2bdcb5bbe60894f14a138bab920e71eb,2025-06-26 02:12:12.121718+00,80b2fe41-19cb-4b9c-9d62-178156fc8e16,5,2,"[""word of mouth""]",,2025-06-26 02:14:06.468705+00,44da2745-c28b-44d4-bc5a-2d8a09ba3151,5,,"[""English""]",,2025-06-26 02:13:33.843088+00,TRUE
89f33bb2-aae5-4eee-9c30-53747c9d3104,350b7cb2-0d32-4752-8c46-09490fa5349b,Kev*****,c5eea76bbee86b816cf19651ed4c0215,85754aed9c8d4a14488f6aa7f56bdc6d,51,2025-06-21 19:00:02.42241+00,c5eea76bbee86b816cf19651ed4c0215,2025-06-21 19:00:02.42241+00,166bb01e-6196-4dfb-8f52-c3bc357604f3,5,5,"[""google search""]",,2025-06-21 19:00:12.402027+00,,,,,,,TRUE
1bea2f95-339d-45c4-ac8a-2a85d62b7772,2845b6a6-2aa4-4480-9ae5-ef819eb40142,Liz*****,70c7203517f06a4cc77c43a39c0b9773,6f65f575f56782f46fbf3c98d13cbf73,73,2025-06-21 19:27:45.065553+00,70c7203517f06a4cc77c43a39c0b9773,2025-06-21 19:27:45.065553+00,,,,,,,,,,,,,TRUE
332defa5-a0a6-4582-be75-47ae6a80d2b9,f6c5f389-7868-4ad1-a2e4-a89a3ea0f744,Pee*****,9dc028fcc35b080030ee41c735efde49,d9f9bd13748f0a0caa92a9b405be38e4,51,2025-06-28 19:17:06.698138+00,9dc028fcc35b080030ee41c735efde49,2025-06-28 19:17:06.698138+00,,,,,,,,,,,,,TRUE
0ae3420f-8828-4118-bd92-ddeb539d8228,860a1e10-05b2-40ed-8add-a16ada33be59,Ay******,98c95b049ef09ea08e496898fb964fc3,02b4c3786b61b0f1e6f824b09fde9c4a,58,2025-06-28 19:00:34.121891+00,98c95b049ef09ea08e496898fb964fc3,2025-06-28 19:00:34.121891+00,90f000f1-27f4-4cec-802e-c2192fa56952,5,5,"[""social media"",""online reviews""]",,2025-06-28 19:01:44.354283+00,,,,,,,TRUE
2e2c479f-c9e5-4da9-ab82-e7ef00ba1279,860a1e10-05b2-40ed-8add-a16ada33be59,Ay******,98c95b049ef09ea08e496898fb964fc3,02b4c3786b61b0f1e6f824b09fde9c4a,239,2025-06-28 19:01:36.562305+00,98c95b049ef09ea08e496898fb964fc3,2025-06-28 19:00:34.121891+00,90f000f1-27f4-4cec-802e-c2192fa56952,5,5,"[""social media"",""online reviews""]",,2025-06-28 19:01:44.354283+00,,,,,,,TRUE
cd34dff5-1c05-449a-8e3a-03b39f6df3a2,2c234ee3-e76d-49f6-8485-7731531f561c,Ama*****,397f2630f8c7462e319d3b133cb2a228,f1b7f869f44c70e0e67c1ffcd996da76,117,2025-06-21 23:29:09.503251+00,397f2630f8c7462e319d3b133cb2a228,2025-06-21 23:29:09.503251+00,ed2d6429-841d-4936-83f4-6d605e2a56c0,5,5,"[""walked by""]",,2025-06-21 23:29:49.409039+00,,,,,,,TRUE
f40ebf10-6d8a-4233-ae06-6a5c7766378a,2c234ee3-e76d-49f6-8485-7731531f561c,Ama*****,397f2630f8c7462e319d3b133cb2a228,f1b7f869f44c70e0e67c1ffcd996da76,623,2025-06-21 23:29:37.202213+00,397f2630f8c7462e319d3b133cb2a228,2025-06-21 23:29:09.503251+00,ed2d6429-841d-4936-83f4-6d605e2a56c0,5,5,"[""walked by""]",,2025-06-21 23:29:49.409039+00,,,,,,,TRUE
04febb5c-aa38-4196-8710-bbd3da216e3b,71465431-6f17-429e-a085-f7d7b61a3143,Oli*****,3096469bbb1a6fc70d65f03dc120365d,b8235a6276bd3b8ef8df84456cfa6880,224,2025-07-01 19:00:16.531182+00,3096469bbb1a6fc70d65f03dc120365d,2025-07-01 19:00:16.531182+00,6417489d-121b-45f2-b9cf-163858e4a5a5,4,3,"[""google search""]",,2025-07-01 19:00:29.864859+00,,,,,,,TRUE
8730de45-fffb-49a8-bf64-9657beb717cc,5c35ca56-1a45-445c-8b41-eddced705c7b,Nat*****,99d4b4efbe8a5fa1e5b9072cd3ce25ff,9190ac93e57d12f76b371ae59ecf4bca,302,2025-07-03 21:20:37.299414+00,99d4b4efbe8a5fa1e5b9072cd3ce25ff,2025-07-03 21:20:21.485904+00,e8ffda07-5edb-43b4-a7aa-83dc6b4be8de,3,4,"[""walked by""]",,2025-07-03 21:20:40.523238+00,,,,,,,TRUE
abbb401d-a730-44fc-b3b3-6b3838e4f25a,00d46b9d-e27d-4a66-8972-535bded021d9,Wei*****,f82b01abd43526747c8c01de8dcbf54f,0546b4e1d53248c25820b86c748f73d3,225,2025-07-04 22:55:41.969442+00,f82b01abd43526747c8c01de8dcbf54f,2025-07-04 22:55:26.296812+00,3217e486-26f4-4efa-9894-a5b664040aea,5,5,"[""social media"",""word of mouth""]",,2025-07-04 22:55:56.71636+00,,,,,,,TRUE
775023ae-7ea0-4119-a37b-a4f1a2b2faa5,faa1b395-d427-453e-b59b-0b37b5b3476f,Dav*****,4cd62db3b9d310e999042fada5857279,57347424b224e5dcaea4573855ac3e5d,271,2025-07-06 18:14:52.773112+00,4cd62db3b9d310e999042fada5857279,2025-07-06 18:14:36.354871+00,477ca1fa-a8a8-40f1-ab12-261ae945ef1c,5,5,"[""google search""]",,2025-07-06 18:15:05.637925+00,,,,,,,TRUE
4cb6341d-fd26-4d8a-8183-67a9c2c40573,127a987d-c184-4ac8-9f04-7ee78478c4c2,Yvo*****,f898ee6fe360aa6667c6d693c8d3f66f,9542d2f8f598c316763c51af767c95e6,73,2025-07-07 03:36:33.78506+00,f898ee6fe360aa6667c6d693c8d3f66f,2025-07-07 03:36:16.659571+00,1a05951d-f5ea-4747-ba08-745e378a7040,5,5,"[""google search""]",,2025-07-07 03:36:47.048486+00,077dad91-9899-45a2-b852-2005e1342c02,4,,"[""Chinese""]",,2025-07-07 03:37:03.017088+00,TRUE
988984e9-437a-449d-b5c0-41950943eda5,b316bf27-57cf-408f-88a6-56d013b44733,Yvo*****,f898ee6fe360aa6667c6d693c8d3f66f,9542d2f8f598c316763c51af767c95e6,941,2025-07-07 03:37:23.132707+00,f898ee6fe360aa6667c6d693c8d3f66f,2025-07-07 03:37:08.037179+00,d5b97072-defa-4b72-a267-8818a99688f8,5,5,"[""google search""]",,2025-07-07 03:37:29.045214+00,87b65fb1-0ffd-424e-853a-89b2cbe52a35,4,,"[""Chinese""]",,2025-07-07 03:37:50.031633+00,TRUE
10f82d99-159b-4360-8f5f-622fa13999c5,f8e3bc8e-25b5-4942-ba1f-397b5798b6a8,Yvo*****,f898ee6fe360aa6667c6d693c8d3f66f,9542d2f8f598c316763c51af767c95e6,1048,2025-07-07 03:38:07.494898+00,f898ee6fe360aa6667c6d693c8d3f66f,2025-07-07 03:37:52.234197+00,f6013f04-aad1-4b57-a8eb-98cc6e7f6d95,5,5,"[""google search""]",,2025-07-07 03:38:09.174378+00,,,,,,,TRUE
ef3d2ddc-cd08-4c87-98c1-a33cd4014618,2d042467-7a5b-4493-ac67-ccc7d4e77667,Fis*****,b83f88a0dce9ee0713b870b79ad9e035,47ec119587fe6569c2633ba5ad6d17b4,375,2025-07-12 18:08:58.95317+00,b83f88a0dce9ee0713b870b79ad9e035,2025-07-12 18:08:39.987198+00,4e8b1d04-05f8-4d5c-9b87-3571b48f4d7c,5,5,"[""walked by""]",,2025-07-12 18:09:39.117772+00,dcf80d24-31f3-43a4-a7f1-81866619e1a5,5,,"[""English"",""Chinese""]",,2025-07-12 18:09:59.414752+00,TRUE
c8fead21-2bf7-474b-8cea-d28ef6e64093,04821fa9-19a4-4b4d-a783-5137a5cee021,Gus*****,614cb98dfa00b8f2dd9cf7c1a1efa44b,4a6d7c1e665729b785021b062e6da81a,400,2025-07-14 06:49:51.976753+00,614cb98dfa00b8f2dd9cf7c1a1efa44b,2025-07-14 06:49:36.480266+00,2921cc14-9bad-4589-9230-b8b31a86995d,5,5,"[""google search""]",,2025-07-14 06:50:03.035857+00,,,,,,,TRUE
66e699bf-53be-4cbd-932d-9d76d075d9a4,77a9f89e-2387-4c03-aa1b-9f16d6184ebc,Syl*****,4f74803bfea92c6ab879335a7906e04e,f7330f471fd09f574af3dbaa2df36a75,854,2025-07-17 00:35:45.802774+00,4f74803bfea92c6ab879335a7906e04e,2025-07-17 00:35:23.607273+00,ffeda937-3496-490f-83f1-68a5ba6cf6f1,5,5,"[""walked by""]",,2025-07-17 00:36:03.594509+00,,,,,,,TRUE
6fe6ca9b-ead7-4446-94f5-7f47f3fa372e,2c09ecb0-464e-4a19-a68f-90c0914239fc,Jan*****,4e79a83d8495baa299d42b9aecf8a45f,efc2fbbec322dbd8ad562fe35eda8549,47,2025-07-18 01:20:13.566741+00,4e79a83d8495baa299d42b9aecf8a45f,2025-07-18 01:19:56.890309+00,55d32396-5a79-4c41-ac06-a5ad3ee05066,5,5,"[""walked by"",""word of mouth""]",,2025-07-18 01:20:25.643921+00,61a410ba-297c-4f47-9e4f-cf212ac89238,5,,"[""Hindi""]",,2025-07-18 01:20:47.39481+00,TRUE
d77a63d4-25b9-40e4-882c-849ff9620aae,f399fd9c-7188-424d-a66f-9133b6a9c14c,Jan*****,4e79a83d8495baa299d42b9aecf8a45f,efc2fbbec322dbd8ad562fe35eda8549,107,2025-07-18 01:21:08.87574+00,4e79a83d8495baa299d42b9aecf8a45f,2025-07-18 01:20:50.04669+00,c735acd7-8486-4464-8d60-501b61e14188,5,5,"[""walked by"",""word of mouth""]",,2025-07-18 01:21:13.98889+00,124f8b21-343d-4468-9e8a-8637a99dda8e,5,,"[""Hindi""]",,2025-07-18 01:21:21.570629+00,TRUE
f85b14e8-efef-41e9-bbce-810e3c8da09d,a4df6734-4780-4e45-ad6d-95b39d260bc1,Jan*****,4e79a83d8495baa299d42b9aecf8a45f,efc2fbbec322dbd8ad562fe35eda8549,885,2025-07-18 01:21:38.656232+00,4e79a83d8495baa299d42b9aecf8a45f,2025-07-18 01:21:23.802199+00,d3f8c8b5-13ba-42ce-9b22-d5c290fb61aa,5,5,"[""walked by"",""online reviews"",""word of mouth""]",,2025-07-18 01:21:41.017388+00,8cf4d082-d27b-4597-a121-2dc90250cc69,5,,"[""Hindi""]",,2025-07-18 01:21:53.406211+00,TRUE
eae7365a-f7c1-4b18-b073-c203e817dea2,29c692b4-3fa3-48ca-b1e1-44b6fff6dcae,Aly*****,31feee1ede6b3d8209531a60083528f0,0739ce9e477b58d5bdf7deeb718ad91b,103,2025-07-19 23:31:10.679943+00,31feee1ede6b3d8209531a60083528f0,2025-07-19 23:30:55.824715+00,bc8e7f36-4318-4b60-9b54-493cd71576a3,5,5,"[""word of mouth""]",,2025-07-19 23:31:16.87237+00,,,,,,,TRUE